[train] GPUs=2 grad_accum=1 global_batch=32
[so101-edge] action heads: WARM (loaded from Cosmos3-Edge-Policy-DROID)
>>> 13:02:54 Checking inputs...
>>> 13:02:54 WORKDIR:    /home/<brev-user>/cosmos-framework
>>> 13:02:54 TOML:       /home/<brev-user>/cosmos-framework/examples/toml/sft_config/action_policy_so101_edge_focus5_multi_1gpu.toml
>>> 13:02:54 dataset:    /home/<brev-user>/cosmos-framework/examples/data/so101_bench_sim_6
>>> 13:02:54 checkpoint: /home/<brev-user>/cosmos-framework/outputs/train/cosmos3_action/action_sft_sim/action_policy_so101_edge_focus5_multi_1gpu/checkpoints/iter_000005500
>>> 13:02:54 log:        /home/<brev-user>/cosmos-framework/outputs/train/logs/action_policy_so101_edge_focus5_multi_1gpu_sft.log
W0916 13:02:55.048000 26049 .venv/lib/python3.13/site-packages/torch/distributed/run.py:852] 
W0916 13:02:55.048000 26049 .venv/lib/python3.13/site-packages/torch/distributed/run.py:852] *****************************************
W0916 13:02:55.048000 26049 .venv/lib/python3.13/site-packages/torch/distributed/run.py:852] Setting OMP_NUM_THREADS environment variable for each process to be 1 in default, to avoid your system being overloaded, please further tune the variable for optimal performance in your application as needed. 
W0916 13:02:55.048000 26049 .venv/lib/python3.13/site-packages/torch/distributed/run.py:852] *****************************************
2026-09-16 13:02:58.808 | DEBUG    | cosmos_framework.utils.config:_load_py_config:578 - get_config_module: took 0.09ms
2026-09-16 13:02:58.907 | DEBUG    | cosmos_framework.utils.config:_load_py_config:578 - get_config_module: took 0.08ms
2026-09-16 13:03:01.306 | DEBUG    | cosmos_framework.utils.config:_load_py_config:583 - importlib.import_module: took 2497.52ms
2026-09-16 13:03:01.473 | DEBUG    | cosmos_framework.utils.config:_load_py_config:588 - override: took 167.10ms
2026-09-16 13:03:01.473 | DEBUG    | cosmos_framework.utils.config:load_config:567 - total time to load config: 2689.29ms
2026-09-16 13:03:01.511 | DEBUG    | cosmos_framework.utils.config:_load_py_config:583 - importlib.import_module: took 2603.69ms
[09-16 13:03:01|CRITICAL|cosmos_framework/utils/distributed.py:60:init] [RANK 1] Initialized distributed training with local rank 1 using nccl with timeout 1800
2026-09-16 13:03:01.693 | DEBUG    | cosmos_framework.utils.config:_load_py_config:588 - override: took 181.88ms
2026-09-16 13:03:01.693 | DEBUG    | cosmos_framework.utils.config:load_config:567 - total time to load config: 2811.19ms
[09-16 13:03:01|INFO|cosmos_framework/utils/training_telemetry/telemetry.py:63:wrapper] Heimdall telemetry is disabled, if using Heimdall,consider setting ENABLE_TELEMETRY=true to enable it
[09-16 13:03:01|CRITICAL|cosmos_framework/utils/distributed.py:60:init] [RANK 0] Initialized distributed training with local rank 0 using nccl with timeout 1800
[09-16 13:03:01|INFO|cosmos_framework/utils/distributed.py:72:init] Training with 2 GPUs.
[09-16 13:03:01|INFO|cosmos_framework/utils/timer.py:138:_log] Time spent on init_distributed: 0.11 s
[09-16 13:03:01|INFO|cosmos_framework/utils/timer.py:138:_log] Time spent on init_distributed: 0.00 s
Config is saved using pickle at /home/<brev-user>/cosmos-framework/outputs/train/cosmos3_action/action_sft_sim/action_policy_so101_edge_focus5_multi_1gpu/config.pkl.
Config is saved using omegaconf at /home/<brev-user>/cosmos-framework/outputs/train/cosmos3_action/action_sft_sim/action_policy_so101_edge_focus5_multi_1gpu/config.yaml.
/home/<brev-user>/cosmos-framework/.venv/lib/python3.13/site-packages/torch/distributed/c10d_logger.py:83: UserWarning: barrier(): using the device under current context. You can specify `device_id` in `init_process_group` to mute this warning.
  return func(*args, **kwargs)
[09-16 13:03:02|WARNING|cosmos_framework/utils/misc.py:126:print_environ_variables] Environment variable HF_HOME not set!
[09-16 13:03:02|INFO|cosmos_framework/utils/misc.py:124:print_environ_variables] Environment variable IMAGINAIRE_OUTPUT_ROOT: /home/<brev-user>/cosmos-framework/outputs/train
[09-16 13:03:02|INFO|cosmos_framework/utils/misc.py:138:set_random_seed] Using random seed 42.
[09-16 13:03:02|CRITICAL|cosmos_framework/utils/callback.py:70:__init__] Instantiating callback iter_speed: {'hit_thres': 50, 'save_s3': False, 'save_s3_every_log_n': 500, 'every_n': 1, '_target_': <class 'cosmos_framework.callbacks.iter_speed.IterSpeed'>}
[09-16 13:03:02|CRITICAL|cosmos_framework/utils/callback.py:70:__init__] Instantiating callback manual_gc: {'warm_up': 1, 'gc_level': 1, 'every_n': 5, '_target_': <class 'cosmos_framework.callbacks.manual_gc.ManualGarbageCollection'>}
[09-16 13:03:02|CRITICAL|cosmos_framework/utils/callback.py:70:__init__] Instantiating callback wandb: {'config': None, 'trainer': None, '_target_': <class 'cosmos_framework.utils.callback.WandBCallback'>}
[09-16 13:03:02|CRITICAL|cosmos_framework/utils/callback.py:70:__init__] Instantiating callback wandb_2x: {'logging_iter_multipler': 2, 'save_logging_iter_multipler': 1, 'save_s3': False, '_target_': <class 'cosmos_framework.callbacks.wandb_log.WandbCallback'>}
[09-16 13:03:02|CRITICAL|cosmos_framework/utils/callback.py:70:__init__] Instantiating callback param_count: {'save_s3': False, '_target_': <class 'cosmos_framework.callbacks.param_count.ParamCount'>}
[09-16 13:03:02|CRITICAL|cosmos_framework/utils/callback.py:70:__init__] Instantiating callback wandb_val: {'save_s3': False, '_target_': <class 'cosmos_framework.callbacks.wandb_log_eval.WandbCallback'>}
[09-16 13:03:02|CRITICAL|cosmos_framework/utils/callback.py:70:__init__] Instantiating callback moe_stability: {'every_n': 250, '_target_': <class 'cosmos_framework.callbacks.moe_stability_callback.MoEStabilityCallback'>}
[09-16 13:03:02|CRITICAL|cosmos_framework/utils/callback.py:70:__init__] Instantiating callback moe_specialization: {'every_n': 250, '_target_': <class 'cosmos_framework.callbacks.moe_specialization_callback.MoESpecializationCallback'>}
[09-16 13:03:02|CRITICAL|cosmos_framework/utils/callback.py:70:__init__] Instantiating callback expert_heatmap: {'every_n': 1000, '_target_': <class 'cosmos_framework.callbacks.expert_heatmap.ExpertHeatmap'>}
[09-16 13:03:02|CRITICAL|cosmos_framework/utils/callback.py:70:__init__] Instantiating callback load_pretrained: {'config': None, 'trainer': None, '_target_': <class 'cosmos_framework.callbacks.load_pretrained.LoadPretrained'>}
[09-16 13:03:02|CRITICAL|cosmos_framework/utils/callback.py:70:__init__] Instantiating callback compile_tokenizer: {'enabled': False, 'compile_after_iterations': 3, 'warmup_resolutions': None, 'backend': 'inductor', 'mode': 'reduce-overhead', 'fullgraph': False, 'dynamic': False, '_target_': <class 'cosmos_framework.callbacks.compile_tokenizer.CompileTokenizer'>}
[09-16 13:03:02|CRITICAL|cosmos_framework/utils/callback.py:70:__init__] Instantiating callback norm_monitor: {'every_n': 5000, 'step_size': 1, 'layer_norm_only': False, 'model_key': None, 'log_stat_wandb': True, 'save_s3': False, 'track_activations': True, '_target_': <class 'cosmos_framework.callbacks.norm_monitor.NormMonitor'>}
[09-16 13:03:02|CRITICAL|cosmos_framework/utils/callback.py:70:__init__] Instantiating callback sigma_loss_analysis: {'every_n': 5000, 'every_n_viz': 5000, 'save_s3': False, '_target_': <class 'cosmos_framework.callbacks.sigma_loss_analysis.SigmaLossAnalysis'>}
[09-16 13:03:02|CRITICAL|cosmos_framework/utils/callback.py:70:__init__] Instantiating callback sequence_packing_padding: {'every_n': 10, '_target_': <class 'cosmos_framework.callbacks.sequence_packing_padding.SequencePackingPadding'>}
[09-16 13:03:02|CRITICAL|cosmos_framework/utils/callback.py:70:__init__] Instantiating callback sampled_media: {'enabled': False, 'output_uri': '/home/<brev-user>/cosmos-framework/outputs/train/cosmos3_action/action_sft_sim/action_policy_so101_edge_focus5_multi_1gpu/sampled_media.lance', 'creds_path': None, 'flush_every_n_batches': 100, '_target_': <class 'cosmos_framework.callbacks.sampled_media_recorder.SampledMediaRecorder'>}
[09-16 13:03:02|CRITICAL|cosmos_framework/utils/callback.py:70:__init__] Instantiating callback mfu: {'backwardpass_ratio': 2.0, 'hit_thres': 5, 'include_vae_encoder': True, 'include_padding': True, 'grad_accum_iter': 1, 'every_n': 10, '_target_': <class 'cosmos_framework.callbacks.mfu.MFUCallback'>}
[09-16 13:03:02|CRITICAL|cosmos_framework/utils/callback.py:70:__init__] Instantiating callback ofu: {'hit_thres': 5, 'every_n': 10, '_target_': <class 'cosmos_framework.callbacks.ofu.OFUCallback'>}
[09-16 13:03:02|CRITICAL|cosmos_framework/utils/callback.py:70:__init__] Instantiating callback skip_nan_step: {'max_consecutive_nan': 100, '_target_': <class 'cosmos_framework.callbacks.skip_nan_step.SkipNaNStep'>}
[09-16 13:03:02|CRITICAL|cosmos_framework/utils/callback.py:70:__init__] Instantiating callback grad_clip: {'clip_norm': 1.0, 'force_finite': True, 'track_per_modality': True, '_target_': <class 'cosmos_framework.callbacks.grad_clip.GradClip'>}
[09-16 13:03:02|CRITICAL|cosmos_framework/utils/callback.py:70:__init__] Instantiating callback low_precision: {'update_iter': 1, 'config': None, 'trainer': None, '_target_': <class 'cosmos_framework.utils.callback.LowPrecisionCallback'>}
[09-16 13:03:02|CRITICAL|cosmos_framework/utils/callback.py:70:__init__] Instantiating callback heart_beat: {'step_size': 1, 'update_interval_in_minute': 20, 'save_s3': False, 'every_n': 200, '_target_': <class 'cosmos_framework.callbacks.heart_beat.HeartBeat'>}
[09-16 13:03:02|CRITICAL|cosmos_framework/utils/callback.py:70:__init__] Instantiating callback device_monitor: {'every_n': 200, 'step_size': 1, 'save_s3': False, 'upload_every_n_mul': 5, 'log_memory_detail': True, '_target_': <class 'cosmos_framework.callbacks.device_monitor.DeviceMonitor'>}
[09-16 13:03:02|CRITICAL|cosmos_framework/utils/callback.py:70:__init__] Instantiating callback termination_signal_checkpoint: {'min_save_fraction': 0.3333333333333333, '_target_': <class 'cosmos_framework.callbacks.termination_signal_checkpoint.TerminationSignalCheckpoint'>}
[09-16 13:03:02|CRITICAL|cosmos_framework/utils/callback.py:66:__init__] Callback dataloader_speed is missing the '_target_' field. 
 SKip {'every_n': 100, 'save_s3': False, 'step_size': 1}
[09-16 13:03:02|CRITICAL|cosmos_framework/utils/callback.py:66:__init__] Callback training_stats is missing the '_target_' field. 
 SKip {'log_freq': 100}
[09-16 13:03:02|WARNING|cosmos_framework/utils/launch.py:86:log_reproducible_setup] S3 credentials not found. Skipping easy_io S3 setup.
[09-16 13:03:02|WARNING|cosmos_framework/utils/launch.py:88:log_reproducible_setup] Job path: cosmos3_action/action_sft_sim/action_policy_so101_edge_focus5_multi_1gpu
[09-16 13:03:02|CRITICAL|cosmos_framework/utils/launch.py:93:log_reproducible_setup] Job local path: /home/<brev-user>/cosmos-framework/outputs/train/cosmos3_action/action_sft_sim/action_policy_so101_edge_focus5_multi_1gpu
[09-16 13:03:02|INFO|cosmos_framework/model/generator/omni_mot_model.py:90:__init__] OmniMoTModel: config {'tokenizer': {'bucket_name': '', 'object_store_credential_path_pretrained': '', 'vae_path': '/home/<brev-user>/cosmos-framework/examples/checkpoints/wan22_vae/Wan2.2_VAE.pth', 'chunk_duration': 93, 'keep_decoder_cache': False, 'use_streaming_encode': False, 'encode_chunk_frames': {'256': 68, '480': 24, '720': 8, '768': 8}, 'encode_exact_durations': None, 'spatial_compression_factor': 16, 'temporal_compression_factor': 4, 'temporal_window': None, 'encode_bucket_multiple': None, 'causal': True, '_target_': <class 'cosmos_framework.model.generator.tokenizers.wan2pt2_vae_4x16x16.Wan2pt2VAEInterface'>}, 'load_vision_tokenizer': True, 'net': None, 'ema': {'enabled': False, 'rate': 0.1, 'iteration_shift': 0}, 'parallelism': {'data_parallel_shard_degree': 2, 'data_parallel_replicate_degree': 1, 'context_parallel_shard_degree': 1, 'attention_io_layout': 'sequence_sharded', 'cfg_parallel_shard_degree': 1, 'enable_inference_mode': False, 'fsdp_master_dtype': 'float32'}, 'compile': {'enabled': True, 'compiled_region': 'language', 'compile_dynamic': True, 'use_cuda_graphs': False, 'ar_post_saturation_mode': 'default', 'max_autotune_pointwise': False, 'coordinate_descent_tuning': False}, 'activation_checkpointing': {'mode': 'selective', 'save_ops_regex': ['fmha'], 'preserve_rng_state': True, 'determinism_check': 'default'}, 'precision': 'bfloat16', 'lora_enabled': True, 'lora_rank': 64, 'lora_alpha': 128, 'lora_target_modules': 'q_proj_moe_gen,k_proj_moe_gen,v_proj_moe_gen,o_proj_moe_gen', 'lora_extra_trainable': 'action2llm,llm2action,action_modality_embed', 'rectified_flow_training_config': {'shift': {'256': 3, '480': 5, '720': 10}, 'use_dynamic_shift': False, 'train_time_image_distribution': 'logitnormal', 'train_time_video_distribution': 'waver', 'train_time_action_distribution': 'logitnormal', 'train_time_sound_distribution': 'logitnormal', 'train_time_weight': 'uniform', 'loss_scale': 10.0, 'image_loss_scale': None, 'sound_loss_scale': 2.0, 'use_discrete_rf': False, 'action_loss_weight': 10.0, 'independent_action_schedule': False, 'shift_action': None, 'independent_sound_schedule': False, 'shift_sound': None, 'normalize_loss_by_active': False}, 'rectified_flow_inference_config': {'scheduler_type': 'unipc', 'num_train_timesteps': 1000, 'shift': 1, 'use_dynamic_shifting': False}, 'fixed_step_sampler_config': None, 'vlm_config': {'model_name': 'nvidia/Cosmos3-Edge-Reasoner', 'safetensors_path': '', 'pretrained_weights': {'enabled': False, 'backbone_path': 's3://bucket/cosmos3/pretrained/huggingface/nvidia/Cosmos3-Edge-Reasoner-590c1c0/', 'credentials_path': '', 'enable_gcs_patch_in_boto3': True, 'checkpoint_format': None}, 'model_instance': {'config': {'base_config': {'json_file': 'cosmos_framework/model/generator/reasoner/nemotron_3_dense_vl/configs/Nemotron-2B-Dense-VL.json', '_target_': <bound method _MoTConfigBase.from_json_file of <class 'cosmos_framework.model.generator.mot.unified_mot.Nemotron3DenseVLMoTConfig'>>}, 'freeze_und': False, 'layer_module': 'MoTDecoderLayer', 'qk_norm_for_text': False, 'use_und_k_norm_for_gen': True, 'include_visual': None, 'tie_word_embeddings': True, '_target_': <function create_vlm_config at 0x7768dd251260>}, '_target_': <class 'cosmos_framework.model.generator.mot.unified_mot.Nemotron3DenseVLTextForCausalLM'>}, 'tokenizer': {'repository': 'nvidia/Cosmos3-Edge', 'revision': 'main', 'subdir': '', '_target_': <function build_processor_lazy at 0x776883b189a0>}, 'layer_module': None, 'qk_norm': False, 'tie_word_embeddings': False, 'use_system_prompt': False}, 'diffusion_expert_config': {'timestep_range': 1.0, 'load_weights_from_pretrained': True, 'patch_spatial': 2, 'max_vae_latent_side_after_patchify': 20, 'enable_fps_modulation': True, 'base_fps': 24, 'sound_base_temporal_compression_factor': None, 'vision_temporal_position_mode': 'latent_index', 'unified_3d_mrope_reset_spatial_ids': True, 'unified_3d_mrope_temporal_modality_margin': 15000}, 'input_video_key': 'video', 'input_image_key': 'images', 'input_caption_key': 'ai_caption', 'state_ch': 48, 'state_t': 300, 'latent_downsample_factor': 16, 'resolution': '480', 'max_num_tokens_after_packing': 45056, 'joint_attn_implementation': 'two_way', 'natten_parameter_list': None, 'video_temporal_causal': False, 'causal_training_strategy': 'none', 'lbl': {'method': 'local', 'coeff_und': None, 'coeff_gen': None}, 'vision_gen': True, 'action_gen': True, 'max_action_dim': 64, 'num_embodiment_domains': 32, 'sound_gen': False, 'sound_tokenizer': None, 'sound_dim': None, 'sound_latent_fps': 25, 'enable_input_bias': True, 'log_enc_time_every_n': 100, 'exclude_reasoner_weights_from_checkpoint': False}
[09-16 13:03:02|WARNING|cosmos_framework/model/generator/omni_mot_model.py:116:set_precision] OmniMoTModel: precision torch.bfloat16
[09-16 13:03:02|INFO|cosmos_framework/utils/checkpoint_db.py:160:_hf_download] uvx --with click --with 'tqdm<4.70' hf@1.16.4 download --format=json nvidia/Cosmos3-Edge --repo-type model --revision main --include '*'
This processor does not use the `size` parameter. It will be ignored.
[09-16 13:03:02|INFO|cosmos_framework/data/generator/processors/base.py:131:__init__] Successfully loaded processor from local cache
This processor does not use the `size` parameter. It will be ignored.
[09-16 13:03:04|INFO|cosmos_framework/model/generator/tokenizers/wan2pt2_vae_4x16x16.py:1032:_video_vae] loading /home/<brev-user>/cosmos-framework/examples/checkpoints/wan22_vae/Wan2.2_VAE.pth
[09-16 13:03:04|INFO|cosmos_framework/utils/distributed.py:407:sync_model_states] Synchronizing model states from rank 0 to all ranks in process group [0, 1].
[09-16 13:03:04|INFO|cosmos_framework/utils/timer.py:138:_log] Time spent on OmniMoTModel: set_up_tokenizers: 2.32 s
[09-16 13:03:04|INFO|cosmos_framework/utils/generator/parallelism.py:117:_validate] dp_replicate is set to -1, will be automatically determined based on world_size 2 // dp_shard 2.
[09-16 13:03:04|INFO|cosmos_framework/utils/generator/parallelism.py:122:_validate] dp_replicate is set to 1.
[09-16 13:03:04|INFO|cosmos_framework/utils/generator/parallelism.py:147:_build_mesh] Building 2-D device mesh with ['dp_replicate', 'dp_shard'], [1, 2]
`torch_dtype` is deprecated! Use `dtype` instead!
`torch_dtype` is deprecated! Use `dtype` instead!
[09-16 13:03:04|INFO|cosmos_framework/utils/generator/lora.py:141:inject_lora_pre_fsdp] Injecting LoRA on meta device: rank=64, alpha=128, targets=['q_proj_moe_gen', 'k_proj_moe_gen', 'v_proj_moe_gen', 'o_proj_moe_gen']
[09-16 13:03:04|INFO|cosmos_framework/utils/generator/lora.py:182:inject_lora_pre_fsdp] LoRA injection successful: 112 modules wrapped, 25,690,112 trainable LoRA params, 8,458,240 extra trainable params (3 key(s) matched), 3,361,198,784 frozen base params (1.006% trainable)
[rank1]:W0916 13:03:04.649000 26089 .venv/lib/python3.13/site-packages/torch/distributed/tensor/_random.py:215] DTensor is synchronizing RNG states of every rank with the state from rank 0. This behavior is deprecated. Please call `torch.manual_seed()` on every rank that participates in SPMD DTensor Operations with the same seed. If using Pipeline Parallelism, each pipeling state would use a different seed, but all ranks belonging to one pipeline stage would use the same seed.
[09-16 13:03:04|INFO|cosmos_framework/utils/timer.py:138:_log] Time spent on meta to cuda and broadcast model states: 0.23 s
[09-16 13:03:04|INFO|cosmos_framework/utils/timer.py:138:_log] Time spent on Creating PyTorch model and ema if enabled: 0.42 s
[09-16 13:03:04|INFO|cosmos_framework/utils/timer.py:138:_log] Time spent on OmniMoTModel: set_up_model: 0.42 s
[09-16 13:03:04|INFO|cosmos_framework/utils/timer.py:138:_log] Time spent on init_model: 2.74 s
[09-16 13:03:04|INFO|cosmos_framework/data/generator/joint_dataloader.py:947:__init__] [RANK 0] RankPartitionedDataLoader: world_size: 2 and rank: 0
[09-16 13:03:04|INFO|cosmos_framework/data/generator/joint_dataloader.py:1002:__init__] [RANK 0] RankPartitionedDataLoader allocation (2 GPUs):
  so101 (ratio 1): ranks 0-1 (2 GPUs) | expected 100.00%, actual 100.00%
[09-16 13:03:04|INFO|cosmos_framework/utils/checkpoint_db.py:160:_hf_download] uvx --with click --with 'tqdm<4.70' hf@1.16.4 download --format=json nvidia/Cosmos3-Edge --repo-type model --revision main --include '*'
[09-16 13:03:04|INFO|cosmos_framework/data/generator/joint_dataloader.py:947:__init__] [RANK 1] RankPartitionedDataLoader: world_size: 2 and rank: 1
[09-16 13:03:04|INFO|cosmos_framework/data/generator/joint_dataloader.py:1002:__init__] [RANK 1] RankPartitionedDataLoader allocation (2 GPUs):
  so101 (ratio 1): ranks 0-1 (2 GPUs) | expected 100.00%, actual 100.00%
[09-16 13:03:05|INFO|cosmos_framework/data/generator/processors/base.py:131:__init__] Successfully loaded processor from local cache
[09-16 13:03:11|INFO|cosmos_framework/data/generator/action/datasets/so101_lerobot_dataset.py:137:__init__] SO-101: keep_tasks kept 972 episodes across 6 instructions
[09-16 13:03:11|INFO|cosmos_framework/data/generator/action/datasets/so101_lerobot_dataset.py:161:__init__] SO-101: max_episodes_per_task=45 kept 142 episodes: {'Place each object in the plastic bin': 45, 'Place the altoids container in the plast': 18, 'Place the cardboard box in the plastic b': 18, 'Place the flower pot in the plastic bin': 18, 'Place the cooking spoon in the plastic b': 18, 'Place the green shoes in the plastic bin': 25}
[09-16 13:03:11|INFO|cosmos_framework/data/generator/action/datasets/so101_lerobot_dataset.py:177:__init__] Loaded SO-101 dataset root=/home/<brev-user>/cosmos-framework/examples/data/so101_bench_sim_6 split='train' fps=30.0 kept_episodes=128/142 valid_indices=55385
[09-16 13:03:11|INFO|cosmos_framework/data/generator/joint_dataloader.py:376:__init__] JointDataLoader: 1 streams
  action_so101: ratio=1 (100.0%)
[09-16 13:03:11|INFO|cosmos_framework/data/generator/action/action_normalization.py:20:load_action_stats] Loading action normalization stats from /home/<brev-user>/cosmos-framework/cosmos_framework/data/generator/action/normalizer_stats/so101_lerobot_stats.json
[09-16 13:03:11|INFO|cosmos_framework/data/generator/action/action_normalization.py:20:load_action_stats] Loading action normalization stats from /home/<brev-user>/cosmos-framework/cosmos_framework/data/generator/action/normalizer_stats/so101_lerobot_stats.json
[09-16 13:03:11|INFO|cosmos_framework/data/generator/action/action_normalization.py:20:load_action_stats] Loading action normalization stats from /home/<brev-user>/cosmos-framework/cosmos_framework/data/generator/action/normalizer_stats/so101_lerobot_stats.json
[09-16 13:03:11|INFO|cosmos_framework/data/generator/action/action_normalization.py:20:load_action_stats] Loading action normalization stats from /home/<brev-user>/cosmos-framework/cosmos_framework/data/generator/action/normalizer_stats/so101_lerobot_stats.json
[09-16 13:03:11|INFO|cosmos_framework/data/generator/action/action_normalization.py:20:load_action_stats] Loading action normalization stats from /home/<brev-user>/cosmos-framework/cosmos_framework/data/generator/action/normalizer_stats/so101_lerobot_stats.json
[09-16 13:03:11|INFO|cosmos_framework/data/generator/action/action_normalization.py:20:load_action_stats] Loading action normalization stats from /home/<brev-user>/cosmos-framework/cosmos_framework/data/generator/action/normalizer_stats/so101_lerobot_stats.json
[09-16 13:03:11|INFO|cosmos_framework/data/generator/action/action_normalization.py:20:load_action_stats] Loading action normalization stats from /home/<brev-user>/cosmos-framework/cosmos_framework/data/generator/action/normalizer_stats/so101_lerobot_stats.json
[09-16 13:03:11|INFO|cosmos_framework/data/generator/action/action_normalization.py:20:load_action_stats] Loading action normalization stats from /home/<brev-user>/cosmos-framework/cosmos_framework/data/generator/action/normalizer_stats/so101_lerobot_stats.json
[09-16 13:03:12|INFO|cosmos_framework/data/generator/joint_dataloader.py:480:_prewarm_dataloaders] [RANK 0] Pre-warm: dataloader 'action_so101' ready — 1 samples buffered in 1.2s
[09-16 13:03:12|INFO|cosmos_framework/data/generator/joint_dataloader.py:487:_prewarm_dataloaders] Pre-warm: waiting at barrier for all ranks …
/home/<brev-user>/cosmos-framework/.venv/lib/python3.13/site-packages/torch/distributed/c10d_logger.py:83: UserWarning: barrier(): using the device under current context. You can specify `device_id` in `init_process_group` to mute this warning.
  return func(*args, **kwargs)
[09-16 13:03:12|INFO|cosmos_framework/data/generator/joint_dataloader.py:480:_prewarm_dataloaders] [RANK 1] Pre-warm: dataloader 'action_so101' ready — 1 samples buffered in 1.3s
[09-16 13:03:12|INFO|cosmos_framework/data/generator/joint_dataloader.py:489:_prewarm_dataloaders] Pre-warm: all ranks ready
[09-16 13:03:12|INFO|cosmos_framework/utils/timer.py:138:_log] Time spent on init_data_loader: 8.10 s
[09-16 13:03:12|INFO|cosmos_framework/utils/generator/optimizer.py:206:_build_params_with_metadata] Total tensors: 773, trainable tensors: 229, selected tensors: 229
[09-16 13:03:12|INFO|cosmos_framework/utils/generator/optimizer.py:392:__init__] Building optimizer for mesh 'dp_replicate-dp_shard'
[09-16 13:03:12|INFO|cosmos_framework/utils/generator/optimizer.py:248:_build_optimizer_internal] Param group (lr=0.0001, WD=True): 229 tensors, 34,148,352 elements
[09-16 13:03:12|INFO|cosmos_framework/utils/generator/fused_adam.py:81:__init__] FusedAdam master_weights: True capturable: True
[09-16 13:03:12|INFO|cosmos_framework/utils/generator/optimizer.py:400:__init__] Created 1 optimizers
[09-16 13:03:12|INFO|cosmos_framework/utils/generator/optimizer.py:579:__init__] Created 1 schedulers
[09-16 13:03:12|CRITICAL|cosmos_framework/checkpoint/dcp.py:797:load] Resuming ckpt /home/<brev-user>/cosmos-framework/outputs/train/cosmos3_action/action_sft_sim/action_policy_so101_edge_focus5_multi_1gpu/checkpoints/iter_000005500 with keys: ['dataloader', 'model', 'optim', 'scheduler', 'trainer']
[09-16 13:03:12|CRITICAL|cosmos_framework/checkpoint/dcp.py:809:load] Start loading checkpoint from /home/<brev-user>/cosmos-framework/outputs/train/cosmos3_action/action_sft_sim/action_policy_so101_edge_focus5_multi_1gpu/checkpoints/iter_000005500/dataloader
[09-16 13:03:12|INFO|cosmos_framework/checkpoint/dcp.py:926:load] [RANK 0] Checkpoint /home/<brev-user>/cosmos-framework/outputs/train/cosmos3_action/action_sft_sim/action_policy_so101_edge_focus5_multi_1gpu/checkpoints/iter_000005500/dataloader does not exist, skip loading dataloader.
[09-16 13:03:12|INFO|cosmos_framework/checkpoint/dcp.py:926:load] [RANK 1] Checkpoint /home/<brev-user>/cosmos-framework/outputs/train/cosmos3_action/action_sft_sim/action_policy_so101_edge_focus5_multi_1gpu/checkpoints/iter_000005500/dataloader does not exist, skip loading dataloader.
[09-16 13:03:12|CRITICAL|cosmos_framework/checkpoint/dcp.py:809:load] Start loading checkpoint from /home/<brev-user>/cosmos-framework/outputs/train/cosmos3_action/action_sft_sim/action_policy_so101_edge_focus5_multi_1gpu/checkpoints/iter_000005500/model
[09-16 13:03:12|INFO|cosmos_framework/checkpoint/dcp.py:835:load] - Loading the model...
/home/<brev-user>/cosmos-framework/.venv/lib/python3.13/site-packages/torch/distributed/checkpoint/utils.py:483: UserWarning: torch.distributed is disabled, unavailable or uninitialized, assuming the intent is to load in a single process.
  return func(*args, **kwargs)
/home/<brev-user>/cosmos-framework/.venv/lib/python3.13/site-packages/torch/distributed/checkpoint/utils.py:483: UserWarning: torch.distributed is disabled, unavailable or uninitialized, assuming the intent is to load in a single process.
  return func(*args, **kwargs)
[09-16 13:03:13|INFO|cosmos_framework/checkpoint/dcp.py:408:_drop_non_reader_items] [RANK 1] [DCP-LOAD-DEDUP] kept_read_items=773 dropped_read_items=0
[09-16 13:03:13|INFO|cosmos_framework/checkpoint/dcp.py:408:_drop_non_reader_items] [RANK 0] [DCP-LOAD-DEDUP] kept_read_items=773 dropped_read_items=0
[09-16 13:03:15|INFO|cosmos_framework/checkpoint/dcp.py:602:_broadcast_state_dict] [RANK 0] [DCP-LOAD-TIMING] broadcast: tensors=0.0s, objects=0.0s, rebuild=0.0s
[09-16 13:03:15|INFO|cosmos_framework/checkpoint/dcp.py:602:_broadcast_state_dict] [RANK 1] [DCP-LOAD-TIMING] broadcast: tensors=0.0s, objects=0.9s, rebuild=0.0s
[09-16 13:03:16|CRITICAL|cosmos_framework/checkpoint/dcp.py:809:load] Start loading checkpoint from /home/<brev-user>/cosmos-framework/outputs/train/cosmos3_action/action_sft_sim/action_policy_so101_edge_focus5_multi_1gpu/checkpoints/iter_000005500/optim
[09-16 13:03:16|INFO|cosmos_framework/checkpoint/dcp.py:871:load] - Loading the optimizer...
[09-16 13:03:16|INFO|cosmos_framework/checkpoint/dcp.py:408:_drop_non_reader_items] [RANK 0] [DCP-LOAD-DEDUP] kept_read_items=2061 dropped_read_items=0
[09-16 13:03:16|INFO|cosmos_framework/checkpoint/dcp.py:408:_drop_non_reader_items] [RANK 1] [DCP-LOAD-DEDUP] kept_read_items=458 dropped_read_items=1603
[09-16 13:03:16|INFO|cosmos_framework/checkpoint/dcp.py:602:_broadcast_state_dict] [RANK 0] [DCP-LOAD-TIMING] broadcast: tensors=0.0s, objects=0.2s, rebuild=0.0s
[09-16 13:03:16|INFO|cosmos_framework/checkpoint/dcp.py:602:_broadcast_state_dict] [RANK 1] [DCP-LOAD-TIMING] broadcast: tensors=0.0s, objects=0.0s, rebuild=0.0s
[09-16 13:03:16|CRITICAL|cosmos_framework/checkpoint/dcp.py:809:load] Start loading checkpoint from /home/<brev-user>/cosmos-framework/outputs/train/cosmos3_action/action_sft_sim/action_policy_so101_edge_focus5_multi_1gpu/checkpoints/iter_000005500/scheduler
[09-16 13:03:16|INFO|cosmos_framework/checkpoint/dcp.py:886:load] - Loading the scheduler...
[09-16 13:03:16|CRITICAL|cosmos_framework/checkpoint/dcp.py:809:load] Start loading checkpoint from /home/<brev-user>/cosmos-framework/outputs/train/cosmos3_action/action_sft_sim/action_policy_so101_edge_focus5_multi_1gpu/checkpoints/iter_000005500/trainer
[09-16 13:03:16|INFO|cosmos_framework/checkpoint/dcp.py:897:load] - Loading the trainer...
[09-16 13:03:16|INFO|cosmos_framework/checkpoint/dcp.py:954:load] Loaded checkpoint from /home/<brev-user>/cosmos-framework/outputs/train/cosmos3_action/action_sft_sim/action_policy_so101_edge_focus5_multi_1gpu/checkpoints/iter_000005500 in iteration 5500
[09-16 13:03:16|INFO|cosmos_framework/utils/timer.py:138:_log] Time spent on checkpoint loading: 3.69 s
[09-16 13:03:16|CRITICAL|cosmos_framework/trainer/__init__.py:222:train] Distributed parallelism mode: fsdp
[09-16 13:03:16|INFO|cosmos_framework/trainer/__init__.py:230:train] Starting training...
[09-16 13:03:16|INFO|cosmos_framework/utils/wandb_util.py:57:init_wandb] Resuming with existing wandb ID: bdflcdjt
Config is saved using omegaconf at /home/<brev-user>/cosmos-framework/outputs/train/cosmos3_action/action_sft_sim/action_policy_so101_edge_focus5_multi_1gpu/config.yaml.
[09-16 13:03:16|INFO|cosmos_framework/callbacks/param_count.py:31:on_train_start] [RANK 0] Total number of parameters on current rank: 34148352
[09-16 13:03:16|INFO|cosmos_framework/callbacks/norm_monitor.py:72:on_train_start] NormMonitor callback: local_dir: /home/<brev-user>/cosmos-framework/outputs/train/cosmos3_action/action_sft_sim/action_policy_so101_edge_focus5_multi_1gpu/norm_monitor
[09-16 13:03:16|INFO|cosmos_framework/callbacks/norm_monitor.py:153:_register_activation_hooks] NormMonitor: Registered activation hooks on 28 transformer blocks
[09-16 13:03:16|INFO|cosmos_framework/callbacks/ofu.py:182:on_train_start] OFUCallback: launched nvidia-smi dmon --gpm-metrics 5
[09-16 13:03:16|INFO|cosmos_framework/callbacks/device_monitor.py:102:on_train_start] DeviceMonitor callback: local_dir: /home/<brev-user>/cosmos-framework/outputs/train/cosmos3_action/action_sft_sim/action_policy_so101_edge_focus5_multi_1gpu/DeviceMonitor
[09-16 13:03:16|INFO|cosmos_framework/callbacks/termination_signal_checkpoint.py:186:_install_termination_signal_handlers] [TerminationSignalCheckpoint] Installed SIGTERM handler.
[09-16 13:03:16|INFO|cosmos_framework/callbacks/ofu.py:116:_parse_header] OFUCallback: found mmaact at column 12, pclk at column 11
[rank0]:W0916 13:03:29.294000 26088 .venv/lib/python3.13/site-packages/torch/_logging/_internal.py:1204] [0/0] 
[rank0]:W0916 13:03:29.294000 26088 .venv/lib/python3.13/site-packages/torch/_logging/_internal.py:1204] [0/0] Detected that context_fn is passed to torch.utils.checkpoint under torch.compile.
[rank0]:W0916 13:03:29.294000 26088 .venv/lib/python3.13/site-packages/torch/_logging/_internal.py:1204] [0/0] Please make sure the checkpointed region does not contain in-place ops (e.g. torch.relu_).
[rank0]:W0916 13:03:29.294000 26088 .venv/lib/python3.13/site-packages/torch/_logging/_internal.py:1204] [0/0] 
[rank1]:W0916 13:03:30.155000 26089 .venv/lib/python3.13/site-packages/torch/_logging/_internal.py:1204] [0/0] 
[rank1]:W0916 13:03:30.155000 26089 .venv/lib/python3.13/site-packages/torch/_logging/_internal.py:1204] [0/0] Detected that context_fn is passed to torch.utils.checkpoint under torch.compile.
[rank1]:W0916 13:03:30.155000 26089 .venv/lib/python3.13/site-packages/torch/_logging/_internal.py:1204] [0/0] Please make sure the checkpointed region does not contain in-place ops (e.g. torch.relu_).
[rank1]:W0916 13:03:30.155000 26089 .venv/lib/python3.13/site-packages/torch/_logging/_internal.py:1204] [0/0] 
[09-16 13:03:50|INFO|cosmos_framework/callbacks/grad_clip.py:325:on_before_optimizer_step] [RANK 0] clip_grad_norm/video/global: 0.62109 (iteration 5500)
[09-16 13:03:50|INFO|cosmos_framework/callbacks/grad_clip.py:325:on_before_optimizer_step] [RANK 1] clip_grad_norm/video/global: 0.62109 (iteration 5500)
[09-16 13:03:50|INFO|cosmos_framework/callbacks/iter_speed.py:45:on_training_step_end] [RANK 0] Iteration 5501: Hit counter: 1/50 | Loss: 1.2819 | Time: 48.44s
[09-16 13:03:50|INFO|cosmos_framework/callbacks/iter_speed.py:45:on_training_step_end] [RANK 1] Iteration 5501: Hit counter: 1/50 | Loss: 1.1622 | Time: 48.45s
[09-16 13:03:59|INFO|cosmos_framework/callbacks/iter_speed.py:45:on_training_step_end] [RANK 0] Iteration 5502: Hit counter: 2/50 | Loss: 1.3315 | Time: 9.41s
[09-16 13:03:59|INFO|cosmos_framework/callbacks/iter_speed.py:45:on_training_step_end] [RANK 1] Iteration 5502: Hit counter: 2/50 | Loss: 1.1020 | Time: 9.40s
[09-16 13:04:09|INFO|cosmos_framework/callbacks/iter_speed.py:45:on_training_step_end] [RANK 0] Iteration 5503: Hit counter: 3/50 | Loss: 1.3846 | Time: 9.43s
[09-16 13:04:09|INFO|cosmos_framework/callbacks/iter_speed.py:45:on_training_step_end] [RANK 1] Iteration 5503: Hit counter: 3/50 | Loss: 1.1772 | Time: 9.43s
[09-16 13:04:18|INFO|cosmos_framework/callbacks/iter_speed.py:45:on_training_step_end] [RANK 0] Iteration 5504: Hit counter: 4/50 | Loss: 1.1816 | Time: 9.43s
[09-16 13:04:18|INFO|cosmos_framework/callbacks/iter_speed.py:45:on_training_step_end] [RANK 1] Iteration 5504: Hit counter: 4/50 | Loss: 1.2406 | Time: 9.44s
[09-16 13:04:28|INFO|cosmos_framework/callbacks/iter_speed.py:45:on_training_step_end] [RANK 0] Iteration 5505: Hit counter: 5/50 | Loss: 2.1074 | Time: 9.44s
[09-16 13:04:28|CRITICAL|cosmos_framework/callbacks/manual_gc.py:36:every_n_impl] Garbage collection disabled
[09-16 13:04:28|INFO|cosmos_framework/callbacks/iter_speed.py:45:on_training_step_end] [RANK 1] Iteration 5505: Hit counter: 5/50 | Loss: 2.0375 | Time: 9.44s
[09-16 13:04:37|INFO|cosmos_framework/callbacks/iter_speed.py:45:on_training_step_end] [RANK 0] Iteration 5506: Hit counter: 6/50 | Loss: 1.3710 | Time: 9.45s
[09-16 13:04:37|INFO|cosmos_framework/callbacks/iter_speed.py:45:on_training_step_end] [RANK 1] Iteration 5506: Hit counter: 6/50 | Loss: 1.5823 | Time: 9.45s
[09-16 13:04:47|INFO|cosmos_framework/callbacks/iter_speed.py:45:on_training_step_end] [RANK 0] Iteration 5507: Hit counter: 7/50 | Loss: 1.2699 | Time: 9.45s
[09-16 13:04:47|INFO|cosmos_framework/callbacks/iter_speed.py:45:on_training_step_end] [RANK 1] Iteration 5507: Hit counter: 7/50 | Loss: 1.3612 | Time: 9.45s
[09-16 13:04:56|INFO|cosmos_framework/callbacks/iter_speed.py:45:on_training_step_end] [RANK 0] Iteration 5508: Hit counter: 8/50 | Loss: 1.5442 | Time: 9.45s
[09-16 13:04:56|INFO|cosmos_framework/callbacks/iter_speed.py:45:on_training_step_end] [RANK 1] Iteration 5508: Hit counter: 8/50 | Loss: 1.6358 | Time: 9.44s
[09-16 13:05:06|INFO|cosmos_framework/callbacks/iter_speed.py:45:on_training_step_end] [RANK 1] Iteration 5509: Hit counter: 9/50 | Loss: 1.3224 | Time: 9.46s
[09-16 13:05:06|INFO|cosmos_framework/callbacks/iter_speed.py:45:on_training_step_end] [RANK 0] Iteration 5509: Hit counter: 9/50 | Loss: 1.7140 | Time: 9.46s
[09-16 13:05:15|INFO|cosmos_framework/callbacks/iter_speed.py:45:on_training_step_end] [RANK 0] Iteration 5510: Hit counter: 10/50 | Loss: 1.4182 | Time: 9.45s
[09-16 13:05:15|INFO|cosmos_framework/callbacks/iter_speed.py:45:on_training_step_end] [RANK 1] Iteration 5510: Hit counter: 10/50 | Loss: 1.5726 | Time: 9.46s
/home/<brev-user>/cosmos-framework/.venv/lib/python3.13/site-packages/torch/distributed/c10d_logger.py:83: UserWarning: barrier(): using the device under current context. You can specify `device_id` in `init_process_group` to mute this warning.
  return func(*args, **kwargs)
[09-16 13:05:24|INFO|cosmos_framework/callbacks/grad_clip.py:325:on_before_optimizer_step] [RANK 0] clip_grad_norm/video/global: 0.66797 (iteration 5510)
[09-16 13:05:24|INFO|cosmos_framework/callbacks/grad_clip.py:325:on_before_optimizer_step] [RANK 1] clip_grad_norm/video/global: 0.66797 (iteration 5510)
[09-16 13:05:24|INFO|cosmos_framework/callbacks/iter_speed.py:45:on_training_step_end] [RANK 0] Iteration 5511: Hit counter: 11/50 | Loss: 1.3156 | Time: 9.47s
[09-16 13:05:24|INFO|cosmos_framework/callbacks/iter_speed.py:45:on_training_step_end] [RANK 1] Iteration 5511: Hit counter: 11/50 | Loss: 1.1826 | Time: 9.47s
[09-16 13:05:34|INFO|cosmos_framework/callbacks/iter_speed.py:45:on_training_step_end] [RANK 1] Iteration 5512: Hit counter: 12/50 | Loss: 1.0887 | Time: 9.47s
[09-16 13:05:34|INFO|cosmos_framework/callbacks/iter_speed.py:45:on_training_step_end] [RANK 0] Iteration 5512: Hit counter: 12/50 | Loss: 1.5566 | Time: 9.47s
[09-16 13:05:43|INFO|cosmos_framework/callbacks/iter_speed.py:45:on_training_step_end] [RANK 0] Iteration 5513: Hit counter: 13/50 | Loss: 1.1661 | Time: 9.46s
[09-16 13:05:43|INFO|cosmos_framework/callbacks/iter_speed.py:45:on_training_step_end] [RANK 1] Iteration 5513: Hit counter: 13/50 | Loss: 1.3055 | Time: 9.47s
[09-16 13:05:53|INFO|cosmos_framework/callbacks/iter_speed.py:45:on_training_step_end] [RANK 1] Iteration 5514: Hit counter: 14/50 | Loss: 1.1941 | Time: 9.46s
[09-16 13:05:53|INFO|cosmos_framework/callbacks/iter_speed.py:45:on_training_step_end] [RANK 0] Iteration 5514: Hit counter: 14/50 | Loss: 1.0894 | Time: 9.46s
[09-16 13:06:02|INFO|cosmos_framework/callbacks/iter_speed.py:45:on_training_step_end] [RANK 1] Iteration 5515: Hit counter: 15/50 | Loss: 1.2806 | Time: 9.46s
[09-16 13:06:02|INFO|cosmos_framework/callbacks/iter_speed.py:45:on_training_step_end] [RANK 0] Iteration 5515: Hit counter: 15/50 | Loss: 1.0535 | Time: 9.46s
[09-16 13:06:12|INFO|cosmos_framework/callbacks/iter_speed.py:45:on_training_step_end] [RANK 1] Iteration 5516: Hit counter: 16/50 | Loss: 1.2969 | Time: 9.47s
[09-16 13:06:12|INFO|cosmos_framework/callbacks/iter_speed.py:45:on_training_step_end] [RANK 0] Iteration 5516: Hit counter: 16/50 | Loss: 1.1033 | Time: 9.47s
[09-16 13:06:21|INFO|cosmos_framework/callbacks/iter_speed.py:45:on_training_step_end] [RANK 1] Iteration 5517: Hit counter: 17/50 | Loss: 1.2902 | Time: 9.47s
[09-16 13:06:21|INFO|cosmos_framework/callbacks/iter_speed.py:45:on_training_step_end] [RANK 0] Iteration 5517: Hit counter: 17/50 | Loss: 1.1625 | Time: 9.47s
[09-16 13:06:31|INFO|cosmos_framework/callbacks/iter_speed.py:45:on_training_step_end] [RANK 1] Iteration 5518: Hit counter: 18/50 | Loss: 1.1908 | Time: 9.47s
[09-16 13:06:31|INFO|cosmos_framework/callbacks/iter_speed.py:45:on_training_step_end] [RANK 0] Iteration 5518: Hit counter: 18/50 | Loss: 1.1997 | Time: 9.47s
[09-16 13:06:40|INFO|cosmos_framework/callbacks/iter_speed.py:45:on_training_step_end] [RANK 1] Iteration 5519: Hit counter: 19/50 | Loss: 1.3167 | Time: 9.47s
[09-16 13:06:40|INFO|cosmos_framework/callbacks/iter_speed.py:45:on_training_step_end] [RANK 0] Iteration 5519: Hit counter: 19/50 | Loss: 1.1861 | Time: 9.48s
[09-16 13:06:50|INFO|cosmos_framework/callbacks/iter_speed.py:45:on_training_step_end] [RANK 1] Iteration 5520: Hit counter: 20/50 | Loss: 1.1029 | Time: 9.48s
[09-16 13:06:50|INFO|cosmos_framework/callbacks/iter_speed.py:45:on_training_step_end] [RANK 0] Iteration 5520: Hit counter: 20/50 | Loss: 1.0800 | Time: 9.48s
[09-16 13:06:59|INFO|cosmos_framework/callbacks/grad_clip.py:325:on_before_optimizer_step] [RANK 1] clip_grad_norm/video/global: 0.56250 (iteration 5520)
[09-16 13:06:59|INFO|cosmos_framework/callbacks/grad_clip.py:325:on_before_optimizer_step] [RANK 0] clip_grad_norm/video/global: 0.56250 (iteration 5520)
[09-16 13:06:59|INFO|cosmos_framework/callbacks/iter_speed.py:45:on_training_step_end] [RANK 1] Iteration 5521: Hit counter: 21/50 | Loss: 1.3049 | Time: 9.48s
[09-16 13:06:59|INFO|cosmos_framework/callbacks/iter_speed.py:45:on_training_step_end] [RANK 0] Iteration 5521: Hit counter: 21/50 | Loss: 1.5797 | Time: 9.48s
[09-16 13:07:09|INFO|cosmos_framework/callbacks/iter_speed.py:45:on_training_step_end] [RANK 0] Iteration 5522: Hit counter: 22/50 | Loss: 1.0759 | Time: 9.48s
[09-16 13:07:09|INFO|cosmos_framework/callbacks/iter_speed.py:45:on_training_step_end] [RANK 1] Iteration 5522: Hit counter: 22/50 | Loss: 1.1338 | Time: 9.48s
[09-16 13:07:18|INFO|cosmos_framework/callbacks/iter_speed.py:45:on_training_step_end] [RANK 1] Iteration 5523: Hit counter: 23/50 | Loss: 1.3626 | Time: 9.47s
[09-16 13:07:18|INFO|cosmos_framework/callbacks/iter_speed.py:45:on_training_step_end] [RANK 0] Iteration 5523: Hit counter: 23/50 | Loss: 1.0599 | Time: 9.47s
[09-16 13:07:28|INFO|cosmos_framework/callbacks/iter_speed.py:45:on_training_step_end] [RANK 0] Iteration 5524: Hit counter: 24/50 | Loss: 1.3064 | Time: 9.46s
[09-16 13:07:28|INFO|cosmos_framework/callbacks/iter_speed.py:45:on_training_step_end] [RANK 1] Iteration 5524: Hit counter: 24/50 | Loss: 1.2734 | Time: 9.47s
[09-16 13:07:37|INFO|cosmos_framework/callbacks/iter_speed.py:45:on_training_step_end] [RANK 1] Iteration 5525: Hit counter: 25/50 | Loss: 1.1401 | Time: 9.47s
[09-16 13:07:37|INFO|cosmos_framework/callbacks/iter_speed.py:45:on_training_step_end] [RANK 0] Iteration 5525: Hit counter: 25/50 | Loss: 1.3225 | Time: 9.47s
[09-16 13:07:46|INFO|cosmos_framework/callbacks/iter_speed.py:45:on_training_step_end] [RANK 1] Iteration 5526: Hit counter: 26/50 | Loss: 1.2192 | Time: 9.47s
[09-16 13:07:46|INFO|cosmos_framework/callbacks/iter_speed.py:45:on_training_step_end] [RANK 0] Iteration 5526: Hit counter: 26/50 | Loss: 1.3699 | Time: 9.48s
[09-16 13:07:56|INFO|cosmos_framework/callbacks/iter_speed.py:45:on_training_step_end] [RANK 0] Iteration 5527: Hit counter: 27/50 | Loss: 0.9518 | Time: 9.46s
[09-16 13:07:56|INFO|cosmos_framework/callbacks/iter_speed.py:45:on_training_step_end] [RANK 1] Iteration 5527: Hit counter: 27/50 | Loss: 1.2526 | Time: 9.47s
[09-16 13:08:05|INFO|cosmos_framework/callbacks/iter_speed.py:45:on_training_step_end] [RANK 1] Iteration 5528: Hit counter: 28/50 | Loss: 1.3499 | Time: 9.47s
[09-16 13:08:05|INFO|cosmos_framework/callbacks/iter_speed.py:45:on_training_step_end] [RANK 0] Iteration 5528: Hit counter: 28/50 | Loss: 1.0386 | Time: 9.48s
[09-16 13:08:15|INFO|cosmos_framework/callbacks/iter_speed.py:45:on_training_step_end] [RANK 1] Iteration 5529: Hit counter: 29/50 | Loss: 1.1787 | Time: 9.48s
[09-16 13:08:15|INFO|cosmos_framework/callbacks/iter_speed.py:45:on_training_step_end] [RANK 0] Iteration 5529: Hit counter: 29/50 | Loss: 1.0947 | Time: 9.48s
[09-16 13:08:24|INFO|cosmos_framework/callbacks/iter_speed.py:45:on_training_step_end] [RANK 1] Iteration 5530: Hit counter: 30/50 | Loss: 1.4123 | Time: 9.48s
[09-16 13:08:24|INFO|cosmos_framework/callbacks/iter_speed.py:45:on_training_step_end] [RANK 0] Iteration 5530: Hit counter: 30/50 | Loss: 1.0852 | Time: 9.48s
[09-16 13:08:34|INFO|cosmos_framework/callbacks/grad_clip.py:325:on_before_optimizer_step] [RANK 1] clip_grad_norm/video/global: 0.48828 (iteration 5530)
[09-16 13:08:34|INFO|cosmos_framework/callbacks/grad_clip.py:325:on_before_optimizer_step] [RANK 0] clip_grad_norm/video/global: 0.48828 (iteration 5530)
[09-16 13:08:34|INFO|cosmos_framework/callbacks/iter_speed.py:45:on_training_step_end] [RANK 1] Iteration 5531: Hit counter: 31/50 | Loss: 1.0542 | Time: 9.48s
[09-16 13:08:34|INFO|cosmos_framework/callbacks/iter_speed.py:45:on_training_step_end] [RANK 0] Iteration 5531: Hit counter: 31/50 | Loss: 1.6651 | Time: 9.49s
[09-16 13:08:43|INFO|cosmos_framework/callbacks/iter_speed.py:45:on_training_step_end] [RANK 1] Iteration 5532: Hit counter: 32/50 | Loss: 1.2183 | Time: 9.47s
[09-16 13:08:43|INFO|cosmos_framework/callbacks/iter_speed.py:45:on_training_step_end] [RANK 0] Iteration 5532: Hit counter: 32/50 | Loss: 0.9830 | Time: 9.48s
[09-16 13:08:53|INFO|cosmos_framework/callbacks/iter_speed.py:45:on_training_step_end] [RANK 1] Iteration 5533: Hit counter: 33/50 | Loss: 1.1939 | Time: 9.48s
[09-16 13:08:53|INFO|cosmos_framework/callbacks/iter_speed.py:45:on_training_step_end] [RANK 0] Iteration 5533: Hit counter: 33/50 | Loss: 1.0936 | Time: 9.47s
[09-16 13:09:02|INFO|cosmos_framework/callbacks/iter_speed.py:45:on_training_step_end] [RANK 1] Iteration 5534: Hit counter: 34/50 | Loss: 1.1836 | Time: 9.48s
[09-16 13:09:02|INFO|cosmos_framework/callbacks/iter_speed.py:45:on_training_step_end] [RANK 0] Iteration 5534: Hit counter: 34/50 | Loss: 1.0582 | Time: 9.48s
[09-16 13:09:12|INFO|cosmos_framework/callbacks/iter_speed.py:45:on_training_step_end] [RANK 1] Iteration 5535: Hit counter: 35/50 | Loss: 1.1091 | Time: 9.47s
[09-16 13:09:12|INFO|cosmos_framework/callbacks/iter_speed.py:45:on_training_step_end] [RANK 0] Iteration 5535: Hit counter: 35/50 | Loss: 1.1719 | Time: 9.47s
[09-16 13:09:21|INFO|cosmos_framework/callbacks/iter_speed.py:45:on_training_step_end] [RANK 1] Iteration 5536: Hit counter: 36/50 | Loss: 1.0420 | Time: 9.47s
[09-16 13:09:21|INFO|cosmos_framework/callbacks/iter_speed.py:45:on_training_step_end] [RANK 0] Iteration 5536: Hit counter: 36/50 | Loss: 0.9440 | Time: 9.47s
[09-16 13:09:31|INFO|cosmos_framework/callbacks/iter_speed.py:45:on_training_step_end] [RANK 0] Iteration 5537: Hit counter: 37/50 | Loss: 1.0728 | Time: 9.47s
[09-16 13:09:31|INFO|cosmos_framework/callbacks/iter_speed.py:45:on_training_step_end] [RANK 1] Iteration 5537: Hit counter: 37/50 | Loss: 1.0530 | Time: 9.47s
[09-16 13:09:40|INFO|cosmos_framework/callbacks/iter_speed.py:45:on_training_step_end] [RANK 1] Iteration 5538: Hit counter: 38/50 | Loss: 1.0327 | Time: 9.47s
[09-16 13:09:40|INFO|cosmos_framework/callbacks/iter_speed.py:45:on_training_step_end] [RANK 0] Iteration 5538: Hit counter: 38/50 | Loss: 1.3431 | Time: 9.47s
[09-16 13:09:50|INFO|cosmos_framework/callbacks/iter_speed.py:45:on_training_step_end] [RANK 0] Iteration 5539: Hit counter: 39/50 | Loss: 0.9397 | Time: 9.47s
[09-16 13:09:50|INFO|cosmos_framework/callbacks/iter_speed.py:45:on_training_step_end] [RANK 1] Iteration 5539: Hit counter: 39/50 | Loss: 1.1417 | Time: 9.48s
[09-16 13:09:59|INFO|cosmos_framework/callbacks/iter_speed.py:45:on_training_step_end] [RANK 0] Iteration 5540: Hit counter: 40/50 | Loss: 0.9295 | Time: 9.48s
[09-16 13:09:59|INFO|cosmos_framework/callbacks/iter_speed.py:45:on_training_step_end] [RANK 1] Iteration 5540: Hit counter: 40/50 | Loss: 0.9959 | Time: 9.48s
[09-16 13:10:09|INFO|cosmos_framework/callbacks/grad_clip.py:325:on_before_optimizer_step] [RANK 1] clip_grad_norm/video/global: 0.34375 (iteration 5540)
[09-16 13:10:09|INFO|cosmos_framework/callbacks/grad_clip.py:325:on_before_optimizer_step] [RANK 0] clip_grad_norm/video/global: 0.34375 (iteration 5540)
[09-16 13:10:09|INFO|cosmos_framework/callbacks/iter_speed.py:45:on_training_step_end] [RANK 1] Iteration 5541: Hit counter: 41/50 | Loss: 1.3127 | Time: 9.48s
[09-16 13:10:09|INFO|cosmos_framework/callbacks/iter_speed.py:45:on_training_step_end] [RANK 0] Iteration 5541: Hit counter: 41/50 | Loss: 1.0841 | Time: 9.49s
[09-16 13:10:18|INFO|cosmos_framework/callbacks/iter_speed.py:45:on_training_step_end] [RANK 1] Iteration 5542: Hit counter: 42/50 | Loss: 0.9962 | Time: 9.46s
[09-16 13:10:18|INFO|cosmos_framework/callbacks/iter_speed.py:45:on_training_step_end] [RANK 0] Iteration 5542: Hit counter: 42/50 | Loss: 1.0479 | Time: 9.47s
[09-16 13:10:28|INFO|cosmos_framework/callbacks/iter_speed.py:45:on_training_step_end] [RANK 1] Iteration 5543: Hit counter: 43/50 | Loss: 1.1512 | Time: 9.48s
[09-16 13:10:28|INFO|cosmos_framework/callbacks/iter_speed.py:45:on_training_step_end] [RANK 0] Iteration 5543: Hit counter: 43/50 | Loss: 1.1607 | Time: 9.48s
[09-16 13:10:37|INFO|cosmos_framework/callbacks/iter_speed.py:45:on_training_step_end] [RANK 1] Iteration 5544: Hit counter: 44/50 | Loss: 0.9389 | Time: 9.48s
[09-16 13:10:37|INFO|cosmos_framework/callbacks/iter_speed.py:45:on_training_step_end] [RANK 0] Iteration 5544: Hit counter: 44/50 | Loss: 0.9414 | Time: 9.48s
[09-16 13:10:47|INFO|cosmos_framework/callbacks/iter_speed.py:45:on_training_step_end] [RANK 1] Iteration 5545: Hit counter: 45/50 | Loss: 1.1500 | Time: 9.47s
[09-16 13:10:47|INFO|cosmos_framework/callbacks/iter_speed.py:45:on_training_step_end] [RANK 0] Iteration 5545: Hit counter: 45/50 | Loss: 1.2158 | Time: 9.47s
[09-16 13:10:56|INFO|cosmos_framework/callbacks/iter_speed.py:45:on_training_step_end] [RANK 1] Iteration 5546: Hit counter: 46/50 | Loss: 1.0954 | Time: 9.47s
[09-16 13:10:56|INFO|cosmos_framework/callbacks/iter_speed.py:45:on_training_step_end] [RANK 0] Iteration 5546: Hit counter: 46/50 | Loss: 1.2494 | Time: 9.47s
[09-16 13:11:05|INFO|cosmos_framework/callbacks/iter_speed.py:45:on_training_step_end] [RANK 1] Iteration 5547: Hit counter: 47/50 | Loss: 0.9456 | Time: 9.48s
[09-16 13:11:05|INFO|cosmos_framework/callbacks/iter_speed.py:45:on_training_step_end] [RANK 0] Iteration 5547: Hit counter: 47/50 | Loss: 0.9739 | Time: 9.48s
[09-16 13:11:15|INFO|cosmos_framework/callbacks/iter_speed.py:45:on_training_step_end] [RANK 1] Iteration 5548: Hit counter: 48/50 | Loss: 1.3729 | Time: 9.47s
[09-16 13:11:15|INFO|cosmos_framework/callbacks/iter_speed.py:45:on_training_step_end] [RANK 0] Iteration 5548: Hit counter: 48/50 | Loss: 1.0162 | Time: 9.47s
[09-16 13:11:24|INFO|cosmos_framework/callbacks/iter_speed.py:45:on_training_step_end] [RANK 1] Iteration 5549: Hit counter: 49/50 | Loss: 1.6342 | Time: 9.47s
[09-16 13:11:24|INFO|cosmos_framework/callbacks/iter_speed.py:45:on_training_step_end] [RANK 0] Iteration 5549: Hit counter: 49/50 | Loss: 1.3943 | Time: 9.47s
[09-16 13:11:34|INFO|cosmos_framework/callbacks/iter_speed.py:45:on_training_step_end] [RANK 0] Iteration 5550: Hit counter: 50/50 | Loss: 1.4090 | Time: 9.47s
[09-16 13:11:34|INFO|cosmos_framework/callbacks/iter_speed.py:45:on_training_step_end] [RANK 1] Iteration 5550: Hit counter: 50/50 | Loss: 1.3119 | Time: 9.47s
[09-16 13:11:43|INFO|cosmos_framework/callbacks/grad_clip.py:325:on_before_optimizer_step] [RANK 1] clip_grad_norm/video/global: 0.37500 (iteration 5550)
[09-16 13:11:43|INFO|cosmos_framework/callbacks/grad_clip.py:325:on_before_optimizer_step] [RANK 0] clip_grad_norm/video/global: 0.37500 (iteration 5550)
[09-16 13:11:53|INFO|cosmos_framework/callbacks/iter_speed.py:75:every_n_impl] [RANK 0] 5552 : iter_speed 9.47 seconds per iteration | Loss: 1.2464
[09-16 13:12:02|INFO|cosmos_framework/callbacks/iter_speed.py:75:every_n_impl] [RANK 0] 5553 : iter_speed 9.47 seconds per iteration | Loss: 1.2867
[09-16 13:12:12|INFO|cosmos_framework/callbacks/iter_speed.py:75:every_n_impl] [RANK 0] 5554 : iter_speed 9.48 seconds per iteration | Loss: 1.2601
[09-16 13:12:21|INFO|cosmos_framework/callbacks/iter_speed.py:75:every_n_impl] [RANK 0] 5555 : iter_speed 9.48 seconds per iteration | Loss: 0.9012
[09-16 13:12:31|INFO|cosmos_framework/callbacks/iter_speed.py:75:every_n_impl] [RANK 0] 5556 : iter_speed 9.48 seconds per iteration | Loss: 0.9261
[09-16 13:12:40|INFO|cosmos_framework/callbacks/iter_speed.py:75:every_n_impl] [RANK 0] 5557 : iter_speed 9.48 seconds per iteration | Loss: 1.5371
[09-16 13:12:50|INFO|cosmos_framework/callbacks/iter_speed.py:75:every_n_impl] [RANK 0] 5558 : iter_speed 9.48 seconds per iteration | Loss: 1.1076
[09-16 13:12:59|INFO|cosmos_framework/callbacks/iter_speed.py:75:every_n_impl] [RANK 0] 5559 : iter_speed 9.48 seconds per iteration | Loss: 1.1302
[09-16 13:13:09|INFO|cosmos_framework/callbacks/iter_speed.py:75:every_n_impl] [RANK 0] 5560 : iter_speed 9.47 seconds per iteration | Loss: 1.0379
[09-16 13:13:18|INFO|cosmos_framework/callbacks/grad_clip.py:325:on_before_optimizer_step] [RANK 0] clip_grad_norm/video/global: 0.35352 (iteration 5560)
[09-16 13:13:18|INFO|cosmos_framework/callbacks/grad_clip.py:325:on_before_optimizer_step] [RANK 1] clip_grad_norm/video/global: 0.35352 (iteration 5560)
[09-16 13:13:18|INFO|cosmos_framework/callbacks/iter_speed.py:75:every_n_impl] [RANK 0] 5561 : iter_speed 9.48 seconds per iteration | Loss: 1.2674
[09-16 13:13:28|INFO|cosmos_framework/callbacks/iter_speed.py:75:every_n_impl] [RANK 0] 5562 : iter_speed 9.48 seconds per iteration | Loss: 1.2328
[09-16 13:13:37|INFO|cosmos_framework/callbacks/iter_speed.py:75:every_n_impl] [RANK 0] 5563 : iter_speed 9.48 seconds per iteration | Loss: 1.0329
[09-16 13:13:47|INFO|cosmos_framework/callbacks/iter_speed.py:75:every_n_impl] [RANK 0] 5564 : iter_speed 9.47 seconds per iteration | Loss: 1.0500
[09-16 13:13:56|INFO|cosmos_framework/callbacks/iter_speed.py:75:every_n_impl] [RANK 0] 5565 : iter_speed 9.48 seconds per iteration | Loss: 2.1885
[09-16 13:14:06|INFO|cosmos_framework/callbacks/iter_speed.py:75:every_n_impl] [RANK 0] 5566 : iter_speed 9.49 seconds per iteration | Loss: 1.1121
[09-16 13:14:15|INFO|cosmos_framework/callbacks/iter_speed.py:75:every_n_impl] [RANK 0] 5567 : iter_speed 9.48 seconds per iteration | Loss: 0.9165
[09-16 13:14:25|INFO|cosmos_framework/callbacks/iter_speed.py:75:every_n_impl] [RANK 0] 5568 : iter_speed 9.49 seconds per iteration | Loss: 0.9926
[09-16 13:14:34|INFO|cosmos_framework/callbacks/iter_speed.py:75:every_n_impl] [RANK 0] 5569 : iter_speed 9.48 seconds per iteration | Loss: 0.9356
[09-16 13:14:43|INFO|cosmos_framework/callbacks/iter_speed.py:75:every_n_impl] [RANK 0] 5570 : iter_speed 9.47 seconds per iteration | Loss: 0.9823
[09-16 13:14:53|INFO|cosmos_framework/callbacks/grad_clip.py:325:on_before_optimizer_step] [RANK 0] clip_grad_norm/video/global: 0.49609 (iteration 5570)
[09-16 13:14:53|INFO|cosmos_framework/callbacks/grad_clip.py:325:on_before_optimizer_step] [RANK 1] clip_grad_norm/video/global: 0.49609 (iteration 5570)
[09-16 13:14:53|INFO|cosmos_framework/callbacks/iter_speed.py:75:every_n_impl] [RANK 0] 5571 : iter_speed 9.48 seconds per iteration | Loss: 1.0357
[09-16 13:15:02|INFO|cosmos_framework/callbacks/iter_speed.py:75:every_n_impl] [RANK 0] 5572 : iter_speed 9.47 seconds per iteration | Loss: 1.3025
[09-16 13:15:12|INFO|cosmos_framework/callbacks/iter_speed.py:75:every_n_impl] [RANK 0] 5573 : iter_speed 9.48 seconds per iteration | Loss: 0.9241
[09-16 13:15:21|INFO|cosmos_framework/callbacks/iter_speed.py:75:every_n_impl] [RANK 0] 5574 : iter_speed 9.48 seconds per iteration | Loss: 0.9389
[09-16 13:15:31|INFO|cosmos_framework/callbacks/iter_speed.py:75:every_n_impl] [RANK 0] 5575 : iter_speed 9.48 seconds per iteration | Loss: 1.0860
[09-16 13:15:40|INFO|cosmos_framework/callbacks/iter_speed.py:75:every_n_impl] [RANK 0] 5576 : iter_speed 9.46 seconds per iteration | Loss: 0.9457
[09-16 13:15:50|INFO|cosmos_framework/callbacks/iter_speed.py:75:every_n_impl] [RANK 0] 5577 : iter_speed 9.49 seconds per iteration | Loss: 1.2554
[09-16 13:15:59|INFO|cosmos_framework/callbacks/iter_speed.py:75:every_n_impl] [RANK 0] 5578 : iter_speed 9.48 seconds per iteration | Loss: 0.8529
[09-16 13:16:09|INFO|cosmos_framework/callbacks/iter_speed.py:75:every_n_impl] [RANK 0] 5579 : iter_speed 9.48 seconds per iteration | Loss: 1.1049
[09-16 13:16:18|INFO|cosmos_framework/callbacks/iter_speed.py:75:every_n_impl] [RANK 0] 5580 : iter_speed 9.47 seconds per iteration | Loss: 0.8367
[09-16 13:16:28|INFO|cosmos_framework/callbacks/grad_clip.py:325:on_before_optimizer_step] [RANK 0] clip_grad_norm/video/global: 0.51562 (iteration 5580)
[09-16 13:16:28|INFO|cosmos_framework/callbacks/grad_clip.py:325:on_before_optimizer_step] [RANK 1] clip_grad_norm/video/global: 0.51562 (iteration 5580)
[09-16 13:16:28|INFO|cosmos_framework/callbacks/iter_speed.py:75:every_n_impl] [RANK 0] 5581 : iter_speed 9.48 seconds per iteration | Loss: 0.9822
[09-16 13:16:37|INFO|cosmos_framework/callbacks/iter_speed.py:75:every_n_impl] [RANK 0] 5582 : iter_speed 9.46 seconds per iteration | Loss: 1.2199
[09-16 13:16:47|INFO|cosmos_framework/callbacks/iter_speed.py:75:every_n_impl] [RANK 0] 5583 : iter_speed 9.47 seconds per iteration | Loss: 1.5352
[09-16 13:16:56|INFO|cosmos_framework/callbacks/iter_speed.py:75:every_n_impl] [RANK 0] 5584 : iter_speed 9.47 seconds per iteration | Loss: 1.3259
[09-16 13:17:06|INFO|cosmos_framework/callbacks/iter_speed.py:75:every_n_impl] [RANK 0] 5585 : iter_speed 9.48 seconds per iteration | Loss: 1.2237
[09-16 13:17:15|INFO|cosmos_framework/callbacks/iter_speed.py:75:every_n_impl] [RANK 0] 5586 : iter_speed 9.47 seconds per iteration | Loss: 1.1263
[09-16 13:17:25|INFO|cosmos_framework/callbacks/iter_speed.py:75:every_n_impl] [RANK 0] 5587 : iter_speed 9.48 seconds per iteration | Loss: 1.4927
[09-16 13:17:34|INFO|cosmos_framework/callbacks/iter_speed.py:75:every_n_impl] [RANK 0] 5588 : iter_speed 9.48 seconds per iteration | Loss: 0.9400
[09-16 13:17:43|INFO|cosmos_framework/callbacks/iter_speed.py:75:every_n_impl] [RANK 0] 5589 : iter_speed 9.48 seconds per iteration | Loss: 1.4082
[09-16 13:17:53|INFO|cosmos_framework/callbacks/iter_speed.py:75:every_n_impl] [RANK 0] 5590 : iter_speed 9.48 seconds per iteration | Loss: 1.0841
[09-16 13:18:02|INFO|cosmos_framework/callbacks/grad_clip.py:325:on_before_optimizer_step] [RANK 0] clip_grad_norm/video/global: 0.57422 (iteration 5590)
[09-16 13:18:02|INFO|cosmos_framework/callbacks/grad_clip.py:325:on_before_optimizer_step] [RANK 1] clip_grad_norm/video/global: 0.57422 (iteration 5590)
[09-16 13:18:02|INFO|cosmos_framework/callbacks/iter_speed.py:75:every_n_impl] [RANK 0] 5591 : iter_speed 9.47 seconds per iteration | Loss: 1.1903
[09-16 13:18:12|INFO|cosmos_framework/callbacks/iter_speed.py:75:every_n_impl] [RANK 0] 5592 : iter_speed 9.47 seconds per iteration | Loss: 1.0285
[09-16 13:18:21|INFO|cosmos_framework/callbacks/iter_speed.py:75:every_n_impl] [RANK 0] 5593 : iter_speed 9.48 seconds per iteration | Loss: 1.4178
[09-16 13:18:31|INFO|cosmos_framework/callbacks/iter_speed.py:75:every_n_impl] [RANK 0] 5594 : iter_speed 9.47 seconds per iteration | Loss: 1.3304
[09-16 13:18:40|INFO|cosmos_framework/callbacks/iter_speed.py:75:every_n_impl] [RANK 0] 5595 : iter_speed 9.48 seconds per iteration | Loss: 1.2977
[09-16 13:18:50|INFO|cosmos_framework/callbacks/iter_speed.py:75:every_n_impl] [RANK 0] 5596 : iter_speed 9.49 seconds per iteration | Loss: 1.2279
[09-16 13:18:59|INFO|cosmos_framework/callbacks/iter_speed.py:75:every_n_impl] [RANK 0] 5597 : iter_speed 9.48 seconds per iteration | Loss: 1.5653
[09-16 13:19:09|INFO|cosmos_framework/callbacks/iter_speed.py:75:every_n_impl] [RANK 0] 5598 : iter_speed 9.47 seconds per iteration | Loss: 1.2637
[09-16 13:19:18|INFO|cosmos_framework/callbacks/iter_speed.py:75:every_n_impl] [RANK 0] 5599 : iter_speed 9.47 seconds per iteration | Loss: 1.2233
[09-16 13:19:28|INFO|cosmos_framework/callbacks/iter_speed.py:75:every_n_impl] [RANK 0] 5600 : iter_speed 9.47 seconds per iteration | Loss: 1.0983
[09-16 13:19:28|INFO|cosmos_framework/callbacks/device_monitor.py:174:every_n_impl] DeviceMonitor Stats:
                                    Avg            Max            Min
cpu_mem_gb                    25.004192      25.553997      24.454388
peak_gpu_mem_gb               24.092756      24.093013      24.092498
peak_gpu_mem_reserved_gb      25.895508      26.013672      25.777344
nvml_used_gpu_mem_gb          27.767883      27.886047      27.649719
nvml_free_gpu_mem_gb          67.824890      67.943054      67.706726
temp                          73.500000      76.000000      71.000000
power                     577346.000000  579499.000000  575193.000000
util                         100.000000     100.000000     100.000000
clock                       2407.000000    2407.000000    2407.000000
/home/<brev-user>/cosmos-framework/.venv/lib/python3.13/site-packages/torch/distributed/c10d_logger.py:83: UserWarning: barrier(): using the device under current context. You can specify `device_id` in `init_process_group` to mute this warning.
  return func(*args, **kwargs)
[09-16 13:19:37|INFO|cosmos_framework/callbacks/grad_clip.py:325:on_before_optimizer_step] [RANK 1] clip_grad_norm/video/global: 0.47852 (iteration 5600)
[09-16 13:19:37|INFO|cosmos_framework/callbacks/grad_clip.py:325:on_before_optimizer_step] [RANK 0] clip_grad_norm/video/global: 0.47852 (iteration 5600)
[09-16 13:19:37|INFO|cosmos_framework/callbacks/iter_speed.py:75:every_n_impl] [RANK 0] 5601 : iter_speed 9.50 seconds per iteration | Loss: 1.2726
[09-16 13:19:47|INFO|cosmos_framework/callbacks/iter_speed.py:75:every_n_impl] [RANK 0] 5602 : iter_speed 9.47 seconds per iteration | Loss: 1.1119
[09-16 13:19:56|INFO|cosmos_framework/callbacks/iter_speed.py:75:every_n_impl] [RANK 0] 5603 : iter_speed 9.48 seconds per iteration | Loss: 1.0651
[09-16 13:20:06|INFO|cosmos_framework/callbacks/iter_speed.py:75:every_n_impl] [RANK 0] 5604 : iter_speed 9.47 seconds per iteration | Loss: 1.2991
[09-16 13:20:15|INFO|cosmos_framework/callbacks/iter_speed.py:75:every_n_impl] [RANK 0] 5605 : iter_speed 9.47 seconds per iteration | Loss: 1.5435
[09-16 13:20:25|INFO|cosmos_framework/callbacks/iter_speed.py:75:every_n_impl] [RANK 0] 5606 : iter_speed 9.48 seconds per iteration | Loss: 1.0540
[09-16 13:20:34|INFO|cosmos_framework/callbacks/iter_speed.py:75:every_n_impl] [RANK 0] 5607 : iter_speed 9.47 seconds per iteration | Loss: 1.0468
[09-16 13:20:44|INFO|cosmos_framework/callbacks/iter_speed.py:75:every_n_impl] [RANK 0] 5608 : iter_speed 9.48 seconds per iteration | Loss: 1.1615
[09-16 13:20:53|INFO|cosmos_framework/callbacks/iter_speed.py:75:every_n_impl] [RANK 0] 5609 : iter_speed 9.47 seconds per iteration | Loss: 1.2526
[09-16 13:21:02|INFO|cosmos_framework/callbacks/iter_speed.py:75:every_n_impl] [RANK 0] 5610 : iter_speed 9.47 seconds per iteration | Loss: 1.2110
[09-16 13:21:12|INFO|cosmos_framework/callbacks/grad_clip.py:325:on_before_optimizer_step] [RANK 0] clip_grad_norm/video/global: 0.48047 (iteration 5610)
[09-16 13:21:12|INFO|cosmos_framework/callbacks/grad_clip.py:325:on_before_optimizer_step] [RANK 1] clip_grad_norm/video/global: 0.48047 (iteration 5610)
[09-16 13:21:12|INFO|cosmos_framework/callbacks/iter_speed.py:75:every_n_impl] [RANK 0] 5611 : iter_speed 9.48 seconds per iteration | Loss: 1.1290
[09-16 13:21:21|INFO|cosmos_framework/callbacks/iter_speed.py:75:every_n_impl] [RANK 0] 5612 : iter_speed 9.48 seconds per iteration | Loss: 1.8240
[09-16 13:21:31|INFO|cosmos_framework/callbacks/iter_speed.py:75:every_n_impl] [RANK 0] 5613 : iter_speed 9.47 seconds per iteration | Loss: 1.0419
[09-16 13:21:40|INFO|cosmos_framework/callbacks/iter_speed.py:75:every_n_impl] [RANK 0] 5614 : iter_speed 9.48 seconds per iteration | Loss: 1.1851
[09-16 13:21:50|INFO|cosmos_framework/callbacks/iter_speed.py:75:every_n_impl] [RANK 0] 5615 : iter_speed 9.48 seconds per iteration | Loss: 1.0862
[09-16 13:21:59|INFO|cosmos_framework/callbacks/iter_speed.py:75:every_n_impl] [RANK 0] 5616 : iter_speed 9.49 seconds per iteration | Loss: 1.3834
[09-16 13:22:09|INFO|cosmos_framework/callbacks/iter_speed.py:75:every_n_impl] [RANK 0] 5617 : iter_speed 9.47 seconds per iteration | Loss: 1.1163
[09-16 13:22:18|INFO|cosmos_framework/callbacks/iter_speed.py:75:every_n_impl] [RANK 0] 5618 : iter_speed 9.47 seconds per iteration | Loss: 1.1072
[09-16 13:22:28|INFO|cosmos_framework/callbacks/iter_speed.py:75:every_n_impl] [RANK 0] 5619 : iter_speed 9.48 seconds per iteration | Loss: 1.5045
[09-16 13:22:37|INFO|cosmos_framework/callbacks/iter_speed.py:75:every_n_impl] [RANK 0] 5620 : iter_speed 9.47 seconds per iteration | Loss: 1.2474
[09-16 13:22:47|INFO|cosmos_framework/callbacks/grad_clip.py:325:on_before_optimizer_step] [RANK 0] clip_grad_norm/video/global: 0.50781 (iteration 5620)
[09-16 13:22:47|INFO|cosmos_framework/callbacks/grad_clip.py:325:on_before_optimizer_step] [RANK 1] clip_grad_norm/video/global: 0.50781 (iteration 5620)
[09-16 13:22:47|INFO|cosmos_framework/callbacks/iter_speed.py:75:every_n_impl] [RANK 0] 5621 : iter_speed 9.48 seconds per iteration | Loss: 1.1587
[09-16 13:22:56|INFO|cosmos_framework/callbacks/iter_speed.py:75:every_n_impl] [RANK 0] 5622 : iter_speed 9.47 seconds per iteration | Loss: 1.4816
[09-16 13:23:06|INFO|cosmos_framework/callbacks/iter_speed.py:75:every_n_impl] [RANK 0] 5623 : iter_speed 9.47 seconds per iteration | Loss: 1.3194
[09-16 13:23:15|INFO|cosmos_framework/callbacks/iter_speed.py:75:every_n_impl] [RANK 0] 5624 : iter_speed 9.47 seconds per iteration | Loss: 1.4682
[09-16 13:23:25|INFO|cosmos_framework/callbacks/iter_speed.py:75:every_n_impl] [RANK 0] 5625 : iter_speed 9.48 seconds per iteration | Loss: 1.2322
[09-16 13:23:34|INFO|cosmos_framework/callbacks/iter_speed.py:75:every_n_impl] [RANK 0] 5626 : iter_speed 9.48 seconds per iteration | Loss: 1.2650
[09-16 13:23:44|INFO|cosmos_framework/callbacks/iter_speed.py:75:every_n_impl] [RANK 0] 5627 : iter_speed 9.48 seconds per iteration | Loss: 2.0038
[09-16 13:23:53|INFO|cosmos_framework/callbacks/iter_speed.py:75:every_n_impl] [RANK 0] 5628 : iter_speed 9.48 seconds per iteration | Loss: 1.2821
[09-16 13:24:03|INFO|cosmos_framework/callbacks/iter_speed.py:75:every_n_impl] [RANK 0] 5629 : iter_speed 9.48 seconds per iteration | Loss: 1.3910
[09-16 13:24:12|INFO|cosmos_framework/callbacks/iter_speed.py:75:every_n_impl] [RANK 0] 5630 : iter_speed 9.47 seconds per iteration | Loss: 1.5891
[09-16 13:24:21|INFO|cosmos_framework/callbacks/grad_clip.py:325:on_before_optimizer_step] [RANK 0] clip_grad_norm/video/global: 0.61328 (iteration 5630)
[09-16 13:24:21|INFO|cosmos_framework/callbacks/grad_clip.py:325:on_before_optimizer_step] [RANK 1] clip_grad_norm/video/global: 0.61328 (iteration 5630)
[09-16 13:24:21|INFO|cosmos_framework/callbacks/iter_speed.py:75:every_n_impl] [RANK 0] 5631 : iter_speed 9.48 seconds per iteration | Loss: 1.7075
[09-16 13:24:31|INFO|cosmos_framework/callbacks/iter_speed.py:75:every_n_impl] [RANK 0] 5632 : iter_speed 9.48 seconds per iteration | Loss: 1.7840
[09-16 13:24:40|INFO|cosmos_framework/callbacks/iter_speed.py:75:every_n_impl] [RANK 0] 5633 : iter_speed 9.48 seconds per iteration | Loss: 1.5300
[09-16 13:24:50|INFO|cosmos_framework/callbacks/iter_speed.py:75:every_n_impl] [RANK 0] 5634 : iter_speed 9.48 seconds per iteration | Loss: 1.1764
[09-16 13:24:59|INFO|cosmos_framework/callbacks/iter_speed.py:75:every_n_impl] [RANK 0] 5635 : iter_speed 9.48 seconds per iteration | Loss: 1.2764
[09-16 13:25:09|INFO|cosmos_framework/callbacks/iter_speed.py:75:every_n_impl] [RANK 0] 5636 : iter_speed 9.47 seconds per iteration | Loss: 1.2067
[09-16 13:25:18|INFO|cosmos_framework/callbacks/iter_speed.py:75:every_n_impl] [RANK 0] 5637 : iter_speed 9.47 seconds per iteration | Loss: 1.4948
[09-16 13:25:28|INFO|cosmos_framework/callbacks/iter_speed.py:75:every_n_impl] [RANK 0] 5638 : iter_speed 9.48 seconds per iteration | Loss: 1.1161
[09-16 13:25:37|INFO|cosmos_framework/callbacks/iter_speed.py:75:every_n_impl] [RANK 0] 5639 : iter_speed 9.49 seconds per iteration | Loss: 1.1698
[09-16 13:25:47|INFO|cosmos_framework/callbacks/iter_speed.py:75:every_n_impl] [RANK 0] 5640 : iter_speed 9.48 seconds per iteration | Loss: 1.3883
[09-16 13:25:56|INFO|cosmos_framework/callbacks/grad_clip.py:325:on_before_optimizer_step] [RANK 0] clip_grad_norm/video/global: 0.66406 (iteration 5640)
[09-16 13:25:56|INFO|cosmos_framework/callbacks/grad_clip.py:325:on_before_optimizer_step] [RANK 1] clip_grad_norm/video/global: 0.66406 (iteration 5640)
[09-16 13:25:56|INFO|cosmos_framework/callbacks/iter_speed.py:75:every_n_impl] [RANK 0] 5641 : iter_speed 9.49 seconds per iteration | Loss: 1.6743
[09-16 13:26:06|INFO|cosmos_framework/callbacks/iter_speed.py:75:every_n_impl] [RANK 0] 5642 : iter_speed 9.47 seconds per iteration | Loss: 1.0540
[09-16 13:26:15|INFO|cosmos_framework/callbacks/iter_speed.py:75:every_n_impl] [RANK 0] 5643 : iter_speed 9.48 seconds per iteration | Loss: 1.7028
[09-16 13:26:25|INFO|cosmos_framework/callbacks/iter_speed.py:75:every_n_impl] [RANK 0] 5644 : iter_speed 9.47 seconds per iteration | Loss: 1.0983
[09-16 13:26:34|INFO|cosmos_framework/callbacks/iter_speed.py:75:every_n_impl] [RANK 0] 5645 : iter_speed 9.48 seconds per iteration | Loss: 1.2430
[09-16 13:26:44|INFO|cosmos_framework/callbacks/iter_speed.py:75:every_n_impl] [RANK 0] 5646 : iter_speed 9.48 seconds per iteration | Loss: 1.1218
[09-16 13:26:53|INFO|cosmos_framework/callbacks/iter_speed.py:75:every_n_impl] [RANK 0] 5647 : iter_speed 9.48 seconds per iteration | Loss: 1.2554
[09-16 13:27:03|INFO|cosmos_framework/callbacks/iter_speed.py:75:every_n_impl] [RANK 0] 5648 : iter_speed 9.47 seconds per iteration | Loss: 1.1806
[09-16 13:27:12|INFO|cosmos_framework/callbacks/iter_speed.py:75:every_n_impl] [RANK 0] 5649 : iter_speed 9.48 seconds per iteration | Loss: 1.2225
[09-16 13:27:22|INFO|cosmos_framework/callbacks/iter_speed.py:75:every_n_impl] [RANK 0] 5650 : iter_speed 9.48 seconds per iteration | Loss: 1.3579
[09-16 13:27:31|INFO|cosmos_framework/callbacks/grad_clip.py:325:on_before_optimizer_step] [RANK 1] clip_grad_norm/video/global: 0.53516 (iteration 5650)
[09-16 13:27:31|INFO|cosmos_framework/callbacks/grad_clip.py:325:on_before_optimizer_step] [RANK 0] clip_grad_norm/video/global: 0.53516 (iteration 5650)
[09-16 13:27:31|INFO|cosmos_framework/callbacks/iter_speed.py:75:every_n_impl] [RANK 0] 5651 : iter_speed 9.48 seconds per iteration | Loss: 1.1962
[09-16 13:27:41|INFO|cosmos_framework/callbacks/iter_speed.py:75:every_n_impl] [RANK 0] 5652 : iter_speed 9.48 seconds per iteration | Loss: 1.1836
[09-16 13:27:50|INFO|cosmos_framework/callbacks/iter_speed.py:75:every_n_impl] [RANK 0] 5653 : iter_speed 9.48 seconds per iteration | Loss: 1.2867
[09-16 13:28:00|INFO|cosmos_framework/callbacks/iter_speed.py:75:every_n_impl] [RANK 0] 5654 : iter_speed 9.48 seconds per iteration | Loss: 1.6002
[09-16 13:28:09|INFO|cosmos_framework/callbacks/iter_speed.py:75:every_n_impl] [RANK 0] 5655 : iter_speed 9.48 seconds per iteration | Loss: 1.5976
[09-16 13:28:18|INFO|cosmos_framework/callbacks/iter_speed.py:75:every_n_impl] [RANK 0] 5656 : iter_speed 9.49 seconds per iteration | Loss: 1.2614
[09-16 13:28:28|INFO|cosmos_framework/callbacks/iter_speed.py:75:every_n_impl] [RANK 0] 5657 : iter_speed 9.48 seconds per iteration | Loss: 1.1596
[09-16 13:28:37|INFO|cosmos_framework/callbacks/iter_speed.py:75:every_n_impl] [RANK 0] 5658 : iter_speed 9.49 seconds per iteration | Loss: 1.4525
[09-16 13:28:47|INFO|cosmos_framework/callbacks/iter_speed.py:75:every_n_impl] [RANK 0] 5659 : iter_speed 9.47 seconds per iteration | Loss: 1.2296
[09-16 13:28:56|INFO|cosmos_framework/callbacks/iter_speed.py:75:every_n_impl] [RANK 0] 5660 : iter_speed 9.48 seconds per iteration | Loss: 1.1617
[09-16 13:29:06|INFO|cosmos_framework/callbacks/grad_clip.py:325:on_before_optimizer_step] [RANK 1] clip_grad_norm/video/global: 0.53906 (iteration 5660)
[09-16 13:29:06|INFO|cosmos_framework/callbacks/grad_clip.py:325:on_before_optimizer_step] [RANK 0] clip_grad_norm/video/global: 0.53906 (iteration 5660)
[09-16 13:29:06|INFO|cosmos_framework/callbacks/iter_speed.py:75:every_n_impl] [RANK 0] 5661 : iter_speed 9.47 seconds per iteration | Loss: 1.2691
[09-16 13:29:15|INFO|cosmos_framework/callbacks/iter_speed.py:75:every_n_impl] [RANK 0] 5662 : iter_speed 9.48 seconds per iteration | Loss: 1.1038
[09-16 13:29:25|INFO|cosmos_framework/callbacks/iter_speed.py:75:every_n_impl] [RANK 0] 5663 : iter_speed 9.49 seconds per iteration | Loss: 1.1452
[09-16 13:29:34|INFO|cosmos_framework/callbacks/iter_speed.py:75:every_n_impl] [RANK 0] 5664 : iter_speed 9.48 seconds per iteration | Loss: 1.0807
[09-16 13:29:44|INFO|cosmos_framework/callbacks/iter_speed.py:75:every_n_impl] [RANK 0] 5665 : iter_speed 9.47 seconds per iteration | Loss: 1.0703
[09-16 13:29:53|INFO|cosmos_framework/callbacks/iter_speed.py:75:every_n_impl] [RANK 0] 5666 : iter_speed 9.48 seconds per iteration | Loss: 1.5594
[09-16 13:30:03|INFO|cosmos_framework/callbacks/iter_speed.py:75:every_n_impl] [RANK 0] 5667 : iter_speed 9.48 seconds per iteration | Loss: 1.2259
[09-16 13:30:12|INFO|cosmos_framework/callbacks/iter_speed.py:75:every_n_impl] [RANK 0] 5668 : iter_speed 9.47 seconds per iteration | Loss: 2.0317
[09-16 13:30:22|INFO|cosmos_framework/callbacks/iter_speed.py:75:every_n_impl] [RANK 0] 5669 : iter_speed 9.47 seconds per iteration | Loss: 1.5656
[09-16 13:30:31|INFO|cosmos_framework/callbacks/iter_speed.py:75:every_n_impl] [RANK 0] 5670 : iter_speed 9.48 seconds per iteration | Loss: 1.1641
[09-16 13:30:41|INFO|cosmos_framework/callbacks/grad_clip.py:325:on_before_optimizer_step] [RANK 1] clip_grad_norm/video/global: 0.58594 (iteration 5670)
[09-16 13:30:41|INFO|cosmos_framework/callbacks/grad_clip.py:325:on_before_optimizer_step] [RANK 0] clip_grad_norm/video/global: 0.58594 (iteration 5670)
[09-16 13:30:41|INFO|cosmos_framework/callbacks/iter_speed.py:75:every_n_impl] [RANK 0] 5671 : iter_speed 9.48 seconds per iteration | Loss: 1.0991
[09-16 13:30:50|INFO|cosmos_framework/callbacks/iter_speed.py:75:every_n_impl] [RANK 0] 5672 : iter_speed 9.48 seconds per iteration | Loss: 1.7975
[09-16 13:31:00|INFO|cosmos_framework/callbacks/iter_speed.py:75:every_n_impl] [RANK 0] 5673 : iter_speed 9.47 seconds per iteration | Loss: 1.1758
[09-16 13:31:09|INFO|cosmos_framework/callbacks/iter_speed.py:75:every_n_impl] [RANK 0] 5674 : iter_speed 9.48 seconds per iteration | Loss: 1.4458
[09-16 13:31:19|INFO|cosmos_framework/callbacks/iter_speed.py:75:every_n_impl] [RANK 0] 5675 : iter_speed 9.49 seconds per iteration | Loss: 1.6330
[09-16 13:31:28|INFO|cosmos_framework/callbacks/iter_speed.py:75:every_n_impl] [RANK 0] 5676 : iter_speed 9.48 seconds per iteration | Loss: 1.4786
[09-16 13:31:38|INFO|cosmos_framework/callbacks/iter_speed.py:75:every_n_impl] [RANK 0] 5677 : iter_speed 9.49 seconds per iteration | Loss: 1.9441
[09-16 13:31:47|INFO|cosmos_framework/callbacks/iter_speed.py:75:every_n_impl] [RANK 0] 5678 : iter_speed 9.48 seconds per iteration | Loss: 1.3891
[09-16 13:31:56|INFO|cosmos_framework/callbacks/iter_speed.py:75:every_n_impl] [RANK 0] 5679 : iter_speed 9.48 seconds per iteration | Loss: 1.6574
[09-16 13:32:06|INFO|cosmos_framework/callbacks/iter_speed.py:75:every_n_impl] [RANK 0] 5680 : iter_speed 9.48 seconds per iteration | Loss: 1.2697
[09-16 13:32:15|INFO|cosmos_framework/callbacks/grad_clip.py:325:on_before_optimizer_step] [RANK 1] clip_grad_norm/video/global: 0.62500 (iteration 5680)
[09-16 13:32:15|INFO|cosmos_framework/callbacks/grad_clip.py:325:on_before_optimizer_step] [RANK 0] clip_grad_norm/video/global: 0.62500 (iteration 5680)
[09-16 13:32:15|INFO|cosmos_framework/callbacks/iter_speed.py:75:every_n_impl] [RANK 0] 5681 : iter_speed 9.47 seconds per iteration | Loss: 1.1641
[09-16 13:32:25|INFO|cosmos_framework/callbacks/iter_speed.py:75:every_n_impl] [RANK 0] 5682 : iter_speed 9.47 seconds per iteration | Loss: 1.3491
[09-16 13:32:34|INFO|cosmos_framework/callbacks/iter_speed.py:75:every_n_impl] [RANK 0] 5683 : iter_speed 9.47 seconds per iteration | Loss: 1.2432
[09-16 13:32:44|INFO|cosmos_framework/callbacks/iter_speed.py:75:every_n_impl] [RANK 0] 5684 : iter_speed 9.48 seconds per iteration | Loss: 1.2420
[09-16 13:32:53|INFO|cosmos_framework/callbacks/iter_speed.py:75:every_n_impl] [RANK 0] 5685 : iter_speed 9.48 seconds per iteration | Loss: 1.2728
[09-16 13:33:03|INFO|cosmos_framework/callbacks/iter_speed.py:75:every_n_impl] [RANK 0] 5686 : iter_speed 9.47 seconds per iteration | Loss: 1.1847
[09-16 13:33:12|INFO|cosmos_framework/callbacks/iter_speed.py:75:every_n_impl] [RANK 0] 5687 : iter_speed 9.48 seconds per iteration | Loss: 1.2701
[09-16 13:33:22|INFO|cosmos_framework/callbacks/iter_speed.py:75:every_n_impl] [RANK 0] 5688 : iter_speed 9.47 seconds per iteration | Loss: 1.1287
[09-16 13:33:31|INFO|cosmos_framework/callbacks/iter_speed.py:75:every_n_impl] [RANK 0] 5689 : iter_speed 9.48 seconds per iteration | Loss: 1.2884
[09-16 13:33:41|INFO|cosmos_framework/callbacks/iter_speed.py:75:every_n_impl] [RANK 0] 5690 : iter_speed 9.47 seconds per iteration | Loss: 1.2133
[09-16 13:33:50|INFO|cosmos_framework/callbacks/grad_clip.py:325:on_before_optimizer_step] [RANK 1] clip_grad_norm/video/global: 0.62891 (iteration 5690)
[09-16 13:33:50|INFO|cosmos_framework/callbacks/grad_clip.py:325:on_before_optimizer_step] [RANK 0] clip_grad_norm/video/global: 0.62891 (iteration 5690)
[09-16 13:33:50|INFO|cosmos_framework/callbacks/iter_speed.py:75:every_n_impl] [RANK 0] 5691 : iter_speed 9.47 seconds per iteration | Loss: 1.4159
[09-16 13:34:00|INFO|cosmos_framework/callbacks/iter_speed.py:75:every_n_impl] [RANK 0] 5692 : iter_speed 9.48 seconds per iteration | Loss: 1.8086
[09-16 13:34:09|INFO|cosmos_framework/callbacks/iter_speed.py:75:every_n_impl] [RANK 0] 5693 : iter_speed 9.48 seconds per iteration | Loss: 1.2626
[09-16 13:34:19|INFO|cosmos_framework/callbacks/iter_speed.py:75:every_n_impl] [RANK 0] 5694 : iter_speed 9.48 seconds per iteration | Loss: 1.6123
[09-16 13:34:28|INFO|cosmos_framework/callbacks/iter_speed.py:75:every_n_impl] [RANK 0] 5695 : iter_speed 9.48 seconds per iteration | Loss: 1.2048
[09-16 13:34:38|INFO|cosmos_framework/callbacks/iter_speed.py:75:every_n_impl] [RANK 0] 5696 : iter_speed 9.48 seconds per iteration | Loss: 1.3929
[09-16 13:34:47|INFO|cosmos_framework/callbacks/iter_speed.py:75:every_n_impl] [RANK 0] 5697 : iter_speed 9.48 seconds per iteration | Loss: 1.3713
[09-16 13:34:57|INFO|cosmos_framework/callbacks/iter_speed.py:75:every_n_impl] [RANK 0] 5698 : iter_speed 9.47 seconds per iteration | Loss: 1.2079
[09-16 13:35:06|INFO|cosmos_framework/callbacks/iter_speed.py:75:every_n_impl] [RANK 0] 5699 : iter_speed 9.48 seconds per iteration | Loss: 1.4918
[09-16 13:35:15|INFO|cosmos_framework/callbacks/iter_speed.py:75:every_n_impl] [RANK 0] 5700 : iter_speed 9.47 seconds per iteration | Loss: 1.2634
[09-16 13:35:25|INFO|cosmos_framework/callbacks/grad_clip.py:325:on_before_optimizer_step] [RANK 1] clip_grad_norm/video/global: 0.55859 (iteration 5700)
[09-16 13:35:25|INFO|cosmos_framework/callbacks/grad_clip.py:325:on_before_optimizer_step] [RANK 0] clip_grad_norm/video/global: 0.55859 (iteration 5700)
[09-16 13:35:25|INFO|cosmos_framework/callbacks/iter_speed.py:75:every_n_impl] [RANK 0] 5701 : iter_speed 9.47 seconds per iteration | Loss: 1.0921
[09-16 13:35:34|INFO|cosmos_framework/callbacks/iter_speed.py:75:every_n_impl] [RANK 0] 5702 : iter_speed 9.48 seconds per iteration | Loss: 1.1650
[09-16 13:35:44|INFO|cosmos_framework/callbacks/iter_speed.py:75:every_n_impl] [RANK 0] 5703 : iter_speed 9.48 seconds per iteration | Loss: 1.6530
[09-16 13:35:53|INFO|cosmos_framework/callbacks/iter_speed.py:75:every_n_impl] [RANK 0] 5704 : iter_speed 9.47 seconds per iteration | Loss: 1.2756
[09-16 13:36:03|INFO|cosmos_framework/callbacks/iter_speed.py:75:every_n_impl] [RANK 0] 5705 : iter_speed 9.48 seconds per iteration | Loss: 1.4105
[09-16 13:36:12|INFO|cosmos_framework/callbacks/iter_speed.py:75:every_n_impl] [RANK 0] 5706 : iter_speed 9.47 seconds per iteration | Loss: 1.4833
[09-16 13:36:22|INFO|cosmos_framework/callbacks/iter_speed.py:75:every_n_impl] [RANK 0] 5707 : iter_speed 9.47 seconds per iteration | Loss: 1.3115
[09-16 13:36:31|INFO|cosmos_framework/callbacks/iter_speed.py:75:every_n_impl] [RANK 0] 5708 : iter_speed 9.48 seconds per iteration | Loss: 1.2842
[09-16 13:36:41|INFO|cosmos_framework/callbacks/iter_speed.py:75:every_n_impl] [RANK 0] 5709 : iter_speed 9.47 seconds per iteration | Loss: 1.8465
[09-16 13:36:50|INFO|cosmos_framework/callbacks/iter_speed.py:75:every_n_impl] [RANK 0] 5710 : iter_speed 9.48 seconds per iteration | Loss: 1.3391
[09-16 13:37:00|INFO|cosmos_framework/callbacks/grad_clip.py:325:on_before_optimizer_step] [RANK 0] clip_grad_norm/video/global: 0.51562 (iteration 5710)
[09-16 13:37:00|INFO|cosmos_framework/callbacks/grad_clip.py:325:on_before_optimizer_step] [RANK 1] clip_grad_norm/video/global: 0.51562 (iteration 5710)
[09-16 13:37:00|INFO|cosmos_framework/callbacks/iter_speed.py:75:every_n_impl] [RANK 0] 5711 : iter_speed 9.47 seconds per iteration | Loss: 1.0386
[09-16 13:37:09|INFO|cosmos_framework/callbacks/iter_speed.py:75:every_n_impl] [RANK 0] 5712 : iter_speed 9.48 seconds per iteration | Loss: 1.0925
[09-16 13:37:19|INFO|cosmos_framework/callbacks/iter_speed.py:75:every_n_impl] [RANK 0] 5713 : iter_speed 9.47 seconds per iteration | Loss: 1.2043
[09-16 13:37:28|INFO|cosmos_framework/callbacks/iter_speed.py:75:every_n_impl] [RANK 0] 5714 : iter_speed 9.48 seconds per iteration | Loss: 1.7359
[09-16 13:37:38|INFO|cosmos_framework/callbacks/iter_speed.py:75:every_n_impl] [RANK 0] 5715 : iter_speed 9.48 seconds per iteration | Loss: 1.5712
[09-16 13:37:47|INFO|cosmos_framework/callbacks/iter_speed.py:75:every_n_impl] [RANK 0] 5716 : iter_speed 9.48 seconds per iteration | Loss: 1.1362
[09-16 13:37:57|INFO|cosmos_framework/callbacks/iter_speed.py:75:every_n_impl] [RANK 0] 5717 : iter_speed 9.48 seconds per iteration | Loss: 1.5934
[09-16 13:38:06|INFO|cosmos_framework/callbacks/iter_speed.py:75:every_n_impl] [RANK 0] 5718 : iter_speed 9.47 seconds per iteration | Loss: 2.0046
[09-16 13:38:16|INFO|cosmos_framework/callbacks/iter_speed.py:75:every_n_impl] [RANK 0] 5719 : iter_speed 9.48 seconds per iteration | Loss: 1.2610
[09-16 13:38:25|INFO|cosmos_framework/callbacks/iter_speed.py:75:every_n_impl] [RANK 0] 5720 : iter_speed 9.47 seconds per iteration | Loss: 1.1009
[09-16 13:38:34|INFO|cosmos_framework/callbacks/grad_clip.py:325:on_before_optimizer_step] [RANK 1] clip_grad_norm/video/global: 0.47852 (iteration 5720)
[09-16 13:38:34|INFO|cosmos_framework/callbacks/grad_clip.py:325:on_before_optimizer_step] [RANK 0] clip_grad_norm/video/global: 0.47852 (iteration 5720)
[09-16 13:38:34|INFO|cosmos_framework/callbacks/iter_speed.py:75:every_n_impl] [RANK 0] 5721 : iter_speed 9.48 seconds per iteration | Loss: 0.9798
[09-16 13:38:44|INFO|cosmos_framework/callbacks/iter_speed.py:75:every_n_impl] [RANK 0] 5722 : iter_speed 9.47 seconds per iteration | Loss: 1.3583
[09-16 13:38:53|INFO|cosmos_framework/callbacks/iter_speed.py:75:every_n_impl] [RANK 0] 5723 : iter_speed 9.47 seconds per iteration | Loss: 1.2240
[09-16 13:39:03|INFO|cosmos_framework/callbacks/iter_speed.py:75:every_n_impl] [RANK 0] 5724 : iter_speed 9.47 seconds per iteration | Loss: 1.2375
[09-16 13:39:12|INFO|cosmos_framework/callbacks/iter_speed.py:75:every_n_impl] [RANK 0] 5725 : iter_speed 9.46 seconds per iteration | Loss: 0.9773
[09-16 13:39:22|INFO|cosmos_framework/callbacks/iter_speed.py:75:every_n_impl] [RANK 0] 5726 : iter_speed 9.48 seconds per iteration | Loss: 1.1829
[09-16 13:39:31|INFO|cosmos_framework/callbacks/iter_speed.py:75:every_n_impl] [RANK 0] 5727 : iter_speed 9.48 seconds per iteration | Loss: 0.9825
[09-16 13:39:41|INFO|cosmos_framework/callbacks/iter_speed.py:75:every_n_impl] [RANK 0] 5728 : iter_speed 9.47 seconds per iteration | Loss: 1.0192
[09-16 13:39:50|INFO|cosmos_framework/callbacks/iter_speed.py:75:every_n_impl] [RANK 0] 5729 : iter_speed 9.48 seconds per iteration | Loss: 1.4708
[09-16 13:40:00|INFO|cosmos_framework/callbacks/iter_speed.py:75:every_n_impl] [RANK 0] 5730 : iter_speed 9.48 seconds per iteration | Loss: 1.1563
[09-16 13:40:09|INFO|cosmos_framework/callbacks/grad_clip.py:325:on_before_optimizer_step] [RANK 0] clip_grad_norm/video/global: 0.50781 (iteration 5730)
[09-16 13:40:09|INFO|cosmos_framework/callbacks/grad_clip.py:325:on_before_optimizer_step] [RANK 1] clip_grad_norm/video/global: 0.50781 (iteration 5730)
[09-16 13:40:09|INFO|cosmos_framework/callbacks/iter_speed.py:75:every_n_impl] [RANK 0] 5731 : iter_speed 9.48 seconds per iteration | Loss: 1.1186
[09-16 13:40:19|INFO|cosmos_framework/callbacks/iter_speed.py:75:every_n_impl] [RANK 0] 5732 : iter_speed 9.48 seconds per iteration | Loss: 1.0447
[09-16 13:40:28|INFO|cosmos_framework/callbacks/iter_speed.py:75:every_n_impl] [RANK 0] 5733 : iter_speed 9.48 seconds per iteration | Loss: 1.1265
[09-16 13:40:38|INFO|cosmos_framework/callbacks/iter_speed.py:75:every_n_impl] [RANK 0] 5734 : iter_speed 9.47 seconds per iteration | Loss: 1.7298
[09-16 13:40:47|INFO|cosmos_framework/callbacks/iter_speed.py:75:every_n_impl] [RANK 0] 5735 : iter_speed 9.49 seconds per iteration | Loss: 1.1806
[09-16 13:40:57|INFO|cosmos_framework/callbacks/iter_speed.py:75:every_n_impl] [RANK 0] 5736 : iter_speed 9.48 seconds per iteration | Loss: 0.9817
[09-16 13:41:06|INFO|cosmos_framework/callbacks/iter_speed.py:75:every_n_impl] [RANK 0] 5737 : iter_speed 9.48 seconds per iteration | Loss: 0.9843
[09-16 13:41:16|INFO|cosmos_framework/callbacks/iter_speed.py:75:every_n_impl] [RANK 0] 5738 : iter_speed 9.49 seconds per iteration | Loss: 1.4358
[09-16 13:41:25|INFO|cosmos_framework/callbacks/iter_speed.py:75:every_n_impl] [RANK 0] 5739 : iter_speed 9.47 seconds per iteration | Loss: 1.0286
[09-16 13:41:35|INFO|cosmos_framework/callbacks/iter_speed.py:75:every_n_impl] [RANK 0] 5740 : iter_speed 9.47 seconds per iteration | Loss: 1.5755
[09-16 13:41:44|INFO|cosmos_framework/callbacks/grad_clip.py:325:on_before_optimizer_step] [RANK 1] clip_grad_norm/video/global: 0.46484 (iteration 5740)
[09-16 13:41:44|INFO|cosmos_framework/callbacks/grad_clip.py:325:on_before_optimizer_step] [RANK 0] clip_grad_norm/video/global: 0.46484 (iteration 5740)
[09-16 13:41:44|INFO|cosmos_framework/callbacks/iter_speed.py:75:every_n_impl] [RANK 0] 5741 : iter_speed 9.48 seconds per iteration | Loss: 1.2511
[09-16 13:41:53|INFO|cosmos_framework/callbacks/iter_speed.py:75:every_n_impl] [RANK 0] 5742 : iter_speed 9.48 seconds per iteration | Loss: 1.0920
[09-16 13:42:03|INFO|cosmos_framework/callbacks/iter_speed.py:75:every_n_impl] [RANK 0] 5743 : iter_speed 9.48 seconds per iteration | Loss: 1.3117
[09-16 13:42:12|INFO|cosmos_framework/callbacks/iter_speed.py:75:every_n_impl] [RANK 0] 5744 : iter_speed 9.48 seconds per iteration | Loss: 1.1402
[09-16 13:42:22|INFO|cosmos_framework/callbacks/iter_speed.py:75:every_n_impl] [RANK 0] 5745 : iter_speed 9.49 seconds per iteration | Loss: 1.1305
[09-16 13:42:31|INFO|cosmos_framework/callbacks/iter_speed.py:75:every_n_impl] [RANK 0] 5746 : iter_speed 9.49 seconds per iteration | Loss: 1.0140
[09-16 13:42:41|INFO|cosmos_framework/callbacks/iter_speed.py:75:every_n_impl] [RANK 0] 5747 : iter_speed 9.49 seconds per iteration | Loss: 1.2131
[09-16 13:42:50|INFO|cosmos_framework/callbacks/iter_speed.py:75:every_n_impl] [RANK 0] 5748 : iter_speed 9.47 seconds per iteration | Loss: 1.2861
[09-16 13:43:00|INFO|cosmos_framework/callbacks/iter_speed.py:75:every_n_impl] [RANK 0] 5749 : iter_speed 9.47 seconds per iteration | Loss: 1.5989
[09-16 13:43:09|INFO|cosmos_framework/callbacks/iter_speed.py:75:every_n_impl] [RANK 0] 5750 : iter_speed 9.47 seconds per iteration | Loss: 1.1368
[09-16 13:43:19|INFO|cosmos_framework/callbacks/grad_clip.py:325:on_before_optimizer_step] [RANK 1] clip_grad_norm/video/global: 0.52734 (iteration 5750)
[09-16 13:43:19|INFO|cosmos_framework/callbacks/grad_clip.py:325:on_before_optimizer_step] [RANK 0] clip_grad_norm/video/global: 0.52734 (iteration 5750)
[09-16 13:43:19|INFO|cosmos_framework/callbacks/iter_speed.py:75:every_n_impl] [RANK 0] 5751 : iter_speed 9.47 seconds per iteration | Loss: 1.3799
[09-16 13:43:28|INFO|cosmos_framework/callbacks/iter_speed.py:75:every_n_impl] [RANK 0] 5752 : iter_speed 9.47 seconds per iteration | Loss: 1.4205
[09-16 13:43:38|INFO|cosmos_framework/callbacks/iter_speed.py:75:every_n_impl] [RANK 0] 5753 : iter_speed 9.47 seconds per iteration | Loss: 0.9708
[09-16 13:43:47|INFO|cosmos_framework/callbacks/iter_speed.py:75:every_n_impl] [RANK 0] 5754 : iter_speed 9.48 seconds per iteration | Loss: 1.0396
[09-16 13:43:57|INFO|cosmos_framework/callbacks/iter_speed.py:75:every_n_impl] [RANK 0] 5755 : iter_speed 9.48 seconds per iteration | Loss: 0.9578
[09-16 13:44:06|INFO|cosmos_framework/callbacks/iter_speed.py:75:every_n_impl] [RANK 0] 5756 : iter_speed 9.50 seconds per iteration | Loss: 1.1799
[09-16 13:44:16|INFO|cosmos_framework/callbacks/iter_speed.py:75:every_n_impl] [RANK 0] 5757 : iter_speed 9.47 seconds per iteration | Loss: 1.0124
[09-16 13:44:25|INFO|cosmos_framework/callbacks/iter_speed.py:75:every_n_impl] [RANK 0] 5758 : iter_speed 9.48 seconds per iteration | Loss: 0.9548
[09-16 13:44:35|INFO|cosmos_framework/callbacks/iter_speed.py:75:every_n_impl] [RANK 0] 5759 : iter_speed 9.48 seconds per iteration | Loss: 0.9885
[09-16 13:44:44|INFO|cosmos_framework/callbacks/iter_speed.py:75:every_n_impl] [RANK 0] 5760 : iter_speed 9.48 seconds per iteration | Loss: 1.0783
[09-16 13:44:54|INFO|cosmos_framework/callbacks/grad_clip.py:325:on_before_optimizer_step] [RANK 1] clip_grad_norm/video/global: 0.50000 (iteration 5760)
[09-16 13:44:54|INFO|cosmos_framework/callbacks/grad_clip.py:325:on_before_optimizer_step] [RANK 0] clip_grad_norm/video/global: 0.50000 (iteration 5760)
[09-16 13:44:54|INFO|cosmos_framework/callbacks/iter_speed.py:75:every_n_impl] [RANK 0] 5761 : iter_speed 9.48 seconds per iteration | Loss: 1.1256
[09-16 13:45:03|INFO|cosmos_framework/callbacks/iter_speed.py:75:every_n_impl] [RANK 0] 5762 : iter_speed 9.48 seconds per iteration | Loss: 1.0447
[09-16 13:45:13|INFO|cosmos_framework/callbacks/iter_speed.py:75:every_n_impl] [RANK 0] 5763 : iter_speed 9.49 seconds per iteration | Loss: 0.9500
[09-16 13:45:22|INFO|cosmos_framework/callbacks/iter_speed.py:75:every_n_impl] [RANK 0] 5764 : iter_speed 9.49 seconds per iteration | Loss: 1.1757
[09-16 13:45:32|INFO|cosmos_framework/callbacks/iter_speed.py:75:every_n_impl] [RANK 0] 5765 : iter_speed 9.47 seconds per iteration | Loss: 0.9381
[09-16 13:45:41|INFO|cosmos_framework/callbacks/iter_speed.py:75:every_n_impl] [RANK 0] 5766 : iter_speed 9.47 seconds per iteration | Loss: 1.0969
[09-16 13:45:50|INFO|cosmos_framework/callbacks/iter_speed.py:75:every_n_impl] [RANK 0] 5767 : iter_speed 9.49 seconds per iteration | Loss: 1.1887
[09-16 13:46:00|INFO|cosmos_framework/callbacks/iter_speed.py:75:every_n_impl] [RANK 0] 5768 : iter_speed 9.47 seconds per iteration | Loss: 1.0529
[09-16 13:46:09|INFO|cosmos_framework/callbacks/iter_speed.py:75:every_n_impl] [RANK 0] 5769 : iter_speed 9.48 seconds per iteration | Loss: 1.0625
[09-16 13:46:19|INFO|cosmos_framework/callbacks/iter_speed.py:75:every_n_impl] [RANK 0] 5770 : iter_speed 9.48 seconds per iteration | Loss: 0.9210
[09-16 13:46:28|INFO|cosmos_framework/callbacks/grad_clip.py:325:on_before_optimizer_step] [RANK 0] clip_grad_norm/video/global: 0.57031 (iteration 5770)
[09-16 13:46:28|INFO|cosmos_framework/callbacks/grad_clip.py:325:on_before_optimizer_step] [RANK 1] clip_grad_norm/video/global: 0.57031 (iteration 5770)
[09-16 13:46:28|INFO|cosmos_framework/callbacks/iter_speed.py:75:every_n_impl] [RANK 0] 5771 : iter_speed 9.48 seconds per iteration | Loss: 1.1159
[09-16 13:46:38|INFO|cosmos_framework/callbacks/iter_speed.py:75:every_n_impl] [RANK 0] 5772 : iter_speed 9.48 seconds per iteration | Loss: 1.3810
[09-16 13:46:47|INFO|cosmos_framework/callbacks/iter_speed.py:75:every_n_impl] [RANK 0] 5773 : iter_speed 9.48 seconds per iteration | Loss: 1.0549
[09-16 13:46:57|INFO|cosmos_framework/callbacks/iter_speed.py:75:every_n_impl] [RANK 0] 5774 : iter_speed 9.48 seconds per iteration | Loss: 1.0665
[09-16 13:47:06|INFO|cosmos_framework/callbacks/iter_speed.py:75:every_n_impl] [RANK 0] 5775 : iter_speed 9.48 seconds per iteration | Loss: 1.0522
[09-16 13:47:16|INFO|cosmos_framework/callbacks/iter_speed.py:75:every_n_impl] [RANK 0] 5776 : iter_speed 9.48 seconds per iteration | Loss: 1.4633
[09-16 13:47:25|INFO|cosmos_framework/callbacks/iter_speed.py:75:every_n_impl] [RANK 0] 5777 : iter_speed 9.48 seconds per iteration | Loss: 1.5458
[09-16 13:47:35|INFO|cosmos_framework/callbacks/iter_speed.py:75:every_n_impl] [RANK 0] 5778 : iter_speed 9.49 seconds per iteration | Loss: 1.0085
[09-16 13:47:44|INFO|cosmos_framework/callbacks/iter_speed.py:75:every_n_impl] [RANK 0] 5779 : iter_speed 9.48 seconds per iteration | Loss: 1.5767
[09-16 13:47:54|INFO|cosmos_framework/callbacks/iter_speed.py:75:every_n_impl] [RANK 0] 5780 : iter_speed 9.48 seconds per iteration | Loss: 1.0661
[09-16 13:48:03|INFO|cosmos_framework/callbacks/grad_clip.py:325:on_before_optimizer_step] [RANK 1] clip_grad_norm/video/global: 0.64453 (iteration 5780)
[09-16 13:48:03|INFO|cosmos_framework/callbacks/grad_clip.py:325:on_before_optimizer_step] [RANK 0] clip_grad_norm/video/global: 0.64453 (iteration 5780)
[09-16 13:48:03|INFO|cosmos_framework/callbacks/iter_speed.py:75:every_n_impl] [RANK 0] 5781 : iter_speed 9.48 seconds per iteration | Loss: 1.0587
[09-16 13:48:13|INFO|cosmos_framework/callbacks/iter_speed.py:75:every_n_impl] [RANK 0] 5782 : iter_speed 9.49 seconds per iteration | Loss: 1.2607
[09-16 13:48:22|INFO|cosmos_framework/callbacks/iter_speed.py:75:every_n_impl] [RANK 0] 5783 : iter_speed 9.48 seconds per iteration | Loss: 1.4157
[09-16 13:48:32|INFO|cosmos_framework/callbacks/iter_speed.py:75:every_n_impl] [RANK 0] 5784 : iter_speed 9.48 seconds per iteration | Loss: 1.1427
[09-16 13:48:41|INFO|cosmos_framework/callbacks/iter_speed.py:75:every_n_impl] [RANK 0] 5785 : iter_speed 9.48 seconds per iteration | Loss: 1.4401
[09-16 13:48:51|INFO|cosmos_framework/callbacks/iter_speed.py:75:every_n_impl] [RANK 0] 5786 : iter_speed 9.48 seconds per iteration | Loss: 1.0755
[09-16 13:49:00|INFO|cosmos_framework/callbacks/iter_speed.py:75:every_n_impl] [RANK 0] 5787 : iter_speed 9.47 seconds per iteration | Loss: 1.3729
[09-16 13:49:10|INFO|cosmos_framework/callbacks/iter_speed.py:75:every_n_impl] [RANK 0] 5788 : iter_speed 9.48 seconds per iteration | Loss: 1.1715
[09-16 13:49:19|INFO|cosmos_framework/callbacks/iter_speed.py:75:every_n_impl] [RANK 0] 5789 : iter_speed 9.47 seconds per iteration | Loss: 1.0303
[09-16 13:49:29|INFO|cosmos_framework/callbacks/iter_speed.py:75:every_n_impl] [RANK 0] 5790 : iter_speed 9.48 seconds per iteration | Loss: 1.1773
[09-16 13:49:38|INFO|cosmos_framework/callbacks/grad_clip.py:325:on_before_optimizer_step] [RANK 1] clip_grad_norm/video/global: 0.49609 (iteration 5790)
[09-16 13:49:38|INFO|cosmos_framework/callbacks/grad_clip.py:325:on_before_optimizer_step] [RANK 0] clip_grad_norm/video/global: 0.49609 (iteration 5790)
[09-16 13:49:38|INFO|cosmos_framework/callbacks/iter_speed.py:75:every_n_impl] [RANK 0] 5791 : iter_speed 9.49 seconds per iteration | Loss: 1.1511
[09-16 13:49:48|INFO|cosmos_framework/callbacks/iter_speed.py:75:every_n_impl] [RANK 0] 5792 : iter_speed 9.49 seconds per iteration | Loss: 1.1107
[09-16 13:49:57|INFO|cosmos_framework/callbacks/iter_speed.py:75:every_n_impl] [RANK 0] 5793 : iter_speed 9.49 seconds per iteration | Loss: 1.0484
[09-16 13:50:06|INFO|cosmos_framework/callbacks/iter_speed.py:75:every_n_impl] [RANK 0] 5794 : iter_speed 9.49 seconds per iteration | Loss: 1.3126
[09-16 13:50:16|INFO|cosmos_framework/callbacks/iter_speed.py:75:every_n_impl] [RANK 0] 5795 : iter_speed 9.49 seconds per iteration | Loss: 1.0428
[09-16 13:50:25|INFO|cosmos_framework/callbacks/iter_speed.py:75:every_n_impl] [RANK 0] 5796 : iter_speed 9.49 seconds per iteration | Loss: 1.3813
[09-16 13:50:35|INFO|cosmos_framework/callbacks/iter_speed.py:75:every_n_impl] [RANK 0] 5797 : iter_speed 9.50 seconds per iteration | Loss: 1.7744
[09-16 13:50:44|INFO|cosmos_framework/callbacks/iter_speed.py:75:every_n_impl] [RANK 0] 5798 : iter_speed 9.49 seconds per iteration | Loss: 1.0413
[09-16 13:50:54|INFO|cosmos_framework/callbacks/iter_speed.py:75:every_n_impl] [RANK 0] 5799 : iter_speed 9.49 seconds per iteration | Loss: 1.5604
[09-16 13:51:03|INFO|cosmos_framework/callbacks/iter_speed.py:75:every_n_impl] [RANK 0] 5800 : iter_speed 9.48 seconds per iteration | Loss: 1.1447
[09-16 13:51:03|INFO|cosmos_framework/callbacks/device_monitor.py:174:every_n_impl] DeviceMonitor Stats:
                                    Avg            Max            Min
cpu_mem_gb                    25.077679      25.698601      24.456757
peak_gpu_mem_gb               24.093271      24.094045      24.092498
peak_gpu_mem_reserved_gb      26.032227      26.050781      26.013672
nvml_used_gpu_mem_gb          27.904602      27.923157      27.886047
nvml_free_gpu_mem_gb          67.688171      67.706726      67.669617
temp                          72.500000      76.000000      69.000000
power                     558544.500000  568502.000000  548587.000000
util                          91.500000     100.000000      83.000000
clock                       2403.500000    2407.000000    2400.000000
/home/<brev-user>/cosmos-framework/.venv/lib/python3.13/site-packages/torch/distributed/c10d_logger.py:83: UserWarning: barrier(): using the device under current context. You can specify `device_id` in `init_process_group` to mute this warning.
  return func(*args, **kwargs)
[09-16 13:51:13|INFO|cosmos_framework/callbacks/grad_clip.py:325:on_before_optimizer_step] [RANK 0] clip_grad_norm/video/global: 0.58594 (iteration 5800)
[09-16 13:51:13|INFO|cosmos_framework/callbacks/grad_clip.py:325:on_before_optimizer_step] [RANK 1] clip_grad_norm/video/global: 0.58594 (iteration 5800)
[09-16 13:51:13|INFO|cosmos_framework/callbacks/iter_speed.py:75:every_n_impl] [RANK 0] 5801 : iter_speed 9.50 seconds per iteration | Loss: 1.2697
[09-16 13:51:22|INFO|cosmos_framework/callbacks/iter_speed.py:75:every_n_impl] [RANK 0] 5802 : iter_speed 9.49 seconds per iteration | Loss: 1.1451
[09-16 13:51:32|INFO|cosmos_framework/callbacks/iter_speed.py:75:every_n_impl] [RANK 0] 5803 : iter_speed 9.49 seconds per iteration | Loss: 1.1866
[09-16 13:51:41|INFO|cosmos_framework/callbacks/iter_speed.py:75:every_n_impl] [RANK 0] 5804 : iter_speed 9.48 seconds per iteration | Loss: 1.1586
[09-16 13:51:51|INFO|cosmos_framework/callbacks/iter_speed.py:75:every_n_impl] [RANK 0] 5805 : iter_speed 9.48 seconds per iteration | Loss: 1.5227
[09-16 13:52:00|INFO|cosmos_framework/callbacks/iter_speed.py:75:every_n_impl] [RANK 0] 5806 : iter_speed 9.48 seconds per iteration | Loss: 1.5055
[09-16 13:52:10|INFO|cosmos_framework/callbacks/iter_speed.py:75:every_n_impl] [RANK 0] 5807 : iter_speed 9.47 seconds per iteration | Loss: 1.4403
[09-16 13:52:19|INFO|cosmos_framework/callbacks/iter_speed.py:75:every_n_impl] [RANK 0] 5808 : iter_speed 9.48 seconds per iteration | Loss: 1.1819
[09-16 13:52:29|INFO|cosmos_framework/callbacks/iter_speed.py:75:every_n_impl] [RANK 0] 5809 : iter_speed 9.47 seconds per iteration | Loss: 1.4538
[09-16 13:52:38|INFO|cosmos_framework/callbacks/iter_speed.py:75:every_n_impl] [RANK 0] 5810 : iter_speed 9.47 seconds per iteration | Loss: 1.0447
[09-16 13:52:48|INFO|cosmos_framework/callbacks/grad_clip.py:325:on_before_optimizer_step] [RANK 0] clip_grad_norm/video/global: 0.58594 (iteration 5810)
[09-16 13:52:48|INFO|cosmos_framework/callbacks/grad_clip.py:325:on_before_optimizer_step] [RANK 1] clip_grad_norm/video/global: 0.58594 (iteration 5810)
[09-16 13:52:48|INFO|cosmos_framework/callbacks/iter_speed.py:75:every_n_impl] [RANK 0] 5811 : iter_speed 9.48 seconds per iteration | Loss: 1.2981
[09-16 13:52:57|INFO|cosmos_framework/callbacks/iter_speed.py:75:every_n_impl] [RANK 0] 5812 : iter_speed 9.47 seconds per iteration | Loss: 1.6694
[09-16 13:53:07|INFO|cosmos_framework/callbacks/iter_speed.py:75:every_n_impl] [RANK 0] 5813 : iter_speed 9.49 seconds per iteration | Loss: 1.2875
[09-16 13:53:16|INFO|cosmos_framework/callbacks/iter_speed.py:75:every_n_impl] [RANK 0] 5814 : iter_speed 9.49 seconds per iteration | Loss: 1.2416
[09-16 13:53:26|INFO|cosmos_framework/callbacks/iter_speed.py:75:every_n_impl] [RANK 0] 5815 : iter_speed 9.48 seconds per iteration | Loss: 1.3154
[09-16 13:53:35|INFO|cosmos_framework/callbacks/iter_speed.py:75:every_n_impl] [RANK 0] 5816 : iter_speed 9.48 seconds per iteration | Loss: 1.3326
[09-16 13:53:45|INFO|cosmos_framework/callbacks/iter_speed.py:75:every_n_impl] [RANK 0] 5817 : iter_speed 9.48 seconds per iteration | Loss: 1.1428
[09-16 13:53:54|INFO|cosmos_framework/callbacks/iter_speed.py:75:every_n_impl] [RANK 0] 5818 : iter_speed 9.47 seconds per iteration | Loss: 1.2180
[09-16 13:54:04|INFO|cosmos_framework/callbacks/iter_speed.py:75:every_n_impl] [RANK 0] 5819 : iter_speed 9.49 seconds per iteration | Loss: 1.2304
[09-16 13:54:13|INFO|cosmos_framework/callbacks/iter_speed.py:75:every_n_impl] [RANK 0] 5820 : iter_speed 9.49 seconds per iteration | Loss: 2.3799
[09-16 13:54:22|INFO|cosmos_framework/callbacks/grad_clip.py:325:on_before_optimizer_step] [RANK 0] clip_grad_norm/video/global: 0.68750 (iteration 5820)
[09-16 13:54:22|INFO|cosmos_framework/callbacks/grad_clip.py:325:on_before_optimizer_step] [RANK 1] clip_grad_norm/video/global: 0.68750 (iteration 5820)
[09-16 13:54:23|INFO|cosmos_framework/callbacks/iter_speed.py:75:every_n_impl] [RANK 0] 5821 : iter_speed 9.48 seconds per iteration | Loss: 1.2431
[09-16 13:54:32|INFO|cosmos_framework/callbacks/iter_speed.py:75:every_n_impl] [RANK 0] 5822 : iter_speed 9.48 seconds per iteration | Loss: 1.5054
[09-16 13:54:41|INFO|cosmos_framework/callbacks/iter_speed.py:75:every_n_impl] [RANK 0] 5823 : iter_speed 9.47 seconds per iteration | Loss: 1.5345
[09-16 13:54:51|INFO|cosmos_framework/callbacks/iter_speed.py:75:every_n_impl] [RANK 0] 5824 : iter_speed 9.48 seconds per iteration | Loss: 1.9853
[09-16 13:55:00|INFO|cosmos_framework/callbacks/iter_speed.py:75:every_n_impl] [RANK 0] 5825 : iter_speed 9.47 seconds per iteration | Loss: 1.5039
[09-16 13:55:10|INFO|cosmos_framework/callbacks/iter_speed.py:75:every_n_impl] [RANK 0] 5826 : iter_speed 9.48 seconds per iteration | Loss: 1.5416
[09-16 13:55:19|INFO|cosmos_framework/callbacks/iter_speed.py:75:every_n_impl] [RANK 0] 5827 : iter_speed 9.48 seconds per iteration | Loss: 1.6926
[09-16 13:55:29|INFO|cosmos_framework/callbacks/iter_speed.py:75:every_n_impl] [RANK 0] 5828 : iter_speed 9.48 seconds per iteration | Loss: 1.3976
[09-16 13:55:38|INFO|cosmos_framework/callbacks/iter_speed.py:75:every_n_impl] [RANK 0] 5829 : iter_speed 9.48 seconds per iteration | Loss: 1.4338
[09-16 13:55:48|INFO|cosmos_framework/callbacks/iter_speed.py:75:every_n_impl] [RANK 0] 5830 : iter_speed 9.49 seconds per iteration | Loss: 1.7881
[09-16 13:55:57|INFO|cosmos_framework/callbacks/grad_clip.py:325:on_before_optimizer_step] [RANK 1] clip_grad_norm/video/global: 0.64844 (iteration 5830)
[09-16 13:55:57|INFO|cosmos_framework/callbacks/grad_clip.py:325:on_before_optimizer_step] [RANK 0] clip_grad_norm/video/global: 0.64844 (iteration 5830)
[09-16 13:55:57|INFO|cosmos_framework/callbacks/iter_speed.py:75:every_n_impl] [RANK 0] 5831 : iter_speed 9.50 seconds per iteration | Loss: 1.3532
[09-16 13:56:07|INFO|cosmos_framework/callbacks/iter_speed.py:75:every_n_impl] [RANK 0] 5832 : iter_speed 9.48 seconds per iteration | Loss: 1.3252
[09-16 13:56:16|INFO|cosmos_framework/callbacks/iter_speed.py:75:every_n_impl] [RANK 0] 5833 : iter_speed 9.48 seconds per iteration | Loss: 1.4496
[09-16 13:56:26|INFO|cosmos_framework/callbacks/iter_speed.py:75:every_n_impl] [RANK 0] 5834 : iter_speed 9.48 seconds per iteration | Loss: 2.0935
[09-16 13:56:35|INFO|cosmos_framework/callbacks/iter_speed.py:75:every_n_impl] [RANK 0] 5835 : iter_speed 9.47 seconds per iteration | Loss: 1.3623
[09-16 13:56:45|INFO|cosmos_framework/callbacks/iter_speed.py:75:every_n_impl] [RANK 0] 5836 : iter_speed 9.48 seconds per iteration | Loss: 1.4658
[09-16 13:56:54|INFO|cosmos_framework/callbacks/iter_speed.py:75:every_n_impl] [RANK 0] 5837 : iter_speed 9.48 seconds per iteration | Loss: 1.4016
[09-16 13:57:04|INFO|cosmos_framework/callbacks/iter_speed.py:75:every_n_impl] [RANK 0] 5838 : iter_speed 9.48 seconds per iteration | Loss: 1.9493
[09-16 13:57:13|INFO|cosmos_framework/callbacks/iter_speed.py:75:every_n_impl] [RANK 0] 5839 : iter_speed 9.48 seconds per iteration | Loss: 1.4832
[09-16 13:57:23|INFO|cosmos_framework/callbacks/iter_speed.py:75:every_n_impl] [RANK 0] 5840 : iter_speed 9.48 seconds per iteration | Loss: 1.3184
[09-16 13:57:32|INFO|cosmos_framework/callbacks/grad_clip.py:325:on_before_optimizer_step] [RANK 0] clip_grad_norm/video/global: 0.60156 (iteration 5840)
[09-16 13:57:32|INFO|cosmos_framework/callbacks/grad_clip.py:325:on_before_optimizer_step] [RANK 1] clip_grad_norm/video/global: 0.60156 (iteration 5840)
[09-16 13:57:32|INFO|cosmos_framework/callbacks/iter_speed.py:75:every_n_impl] [RANK 0] 5841 : iter_speed 9.49 seconds per iteration | Loss: 1.3071
[09-16 13:57:42|INFO|cosmos_framework/callbacks/iter_speed.py:75:every_n_impl] [RANK 0] 5842 : iter_speed 9.49 seconds per iteration | Loss: 1.4171
[09-16 13:57:51|INFO|cosmos_framework/callbacks/iter_speed.py:75:every_n_impl] [RANK 0] 5843 : iter_speed 9.48 seconds per iteration | Loss: 1.4943
[09-16 13:58:01|INFO|cosmos_framework/callbacks/iter_speed.py:75:every_n_impl] [RANK 0] 5844 : iter_speed 9.47 seconds per iteration | Loss: 1.7168
[09-16 13:58:10|INFO|cosmos_framework/callbacks/iter_speed.py:75:every_n_impl] [RANK 0] 5845 : iter_speed 9.48 seconds per iteration | Loss: 1.4904
[09-16 13:58:20|INFO|cosmos_framework/callbacks/iter_speed.py:75:every_n_impl] [RANK 0] 5846 : iter_speed 9.50 seconds per iteration | Loss: 1.5440
[09-16 13:58:29|INFO|cosmos_framework/callbacks/iter_speed.py:75:every_n_impl] [RANK 0] 5847 : iter_speed 9.49 seconds per iteration | Loss: 1.2458
[09-16 13:58:38|INFO|cosmos_framework/callbacks/iter_speed.py:75:every_n_impl] [RANK 0] 5848 : iter_speed 9.48 seconds per iteration | Loss: 1.3188
[09-16 13:58:48|INFO|cosmos_framework/callbacks/iter_speed.py:75:every_n_impl] [RANK 0] 5849 : iter_speed 9.50 seconds per iteration | Loss: 1.3040
[09-16 13:58:57|INFO|cosmos_framework/callbacks/iter_speed.py:75:every_n_impl] [RANK 0] 5850 : iter_speed 9.47 seconds per iteration | Loss: 1.2142
[09-16 13:59:07|INFO|cosmos_framework/callbacks/grad_clip.py:325:on_before_optimizer_step] [RANK 0] clip_grad_norm/video/global: 0.67188 (iteration 5850)
[09-16 13:59:07|INFO|cosmos_framework/callbacks/grad_clip.py:325:on_before_optimizer_step] [RANK 1] clip_grad_norm/video/global: 0.67188 (iteration 5850)
[09-16 13:59:07|INFO|cosmos_framework/callbacks/iter_speed.py:75:every_n_impl] [RANK 0] 5851 : iter_speed 9.49 seconds per iteration | Loss: 1.1116
[09-16 13:59:16|INFO|cosmos_framework/callbacks/iter_speed.py:75:every_n_impl] [RANK 0] 5852 : iter_speed 9.48 seconds per iteration | Loss: 1.4840
[09-16 13:59:26|INFO|cosmos_framework/callbacks/iter_speed.py:75:every_n_impl] [RANK 0] 5853 : iter_speed 9.48 seconds per iteration | Loss: 1.2908
[09-16 13:59:35|INFO|cosmos_framework/callbacks/iter_speed.py:75:every_n_impl] [RANK 0] 5854 : iter_speed 9.49 seconds per iteration | Loss: 1.2668
[09-16 13:59:45|INFO|cosmos_framework/callbacks/iter_speed.py:75:every_n_impl] [RANK 0] 5855 : iter_speed 9.48 seconds per iteration | Loss: 1.5428
[09-16 13:59:54|INFO|cosmos_framework/callbacks/iter_speed.py:75:every_n_impl] [RANK 0] 5856 : iter_speed 9.47 seconds per iteration | Loss: 1.9768
[09-16 14:00:04|INFO|cosmos_framework/callbacks/iter_speed.py:75:every_n_impl] [RANK 0] 5857 : iter_speed 9.48 seconds per iteration | Loss: 1.5270
[09-16 14:00:13|INFO|cosmos_framework/callbacks/iter_speed.py:75:every_n_impl] [RANK 0] 5858 : iter_speed 9.48 seconds per iteration | Loss: 1.6858
[09-16 14:00:23|INFO|cosmos_framework/callbacks/iter_speed.py:75:every_n_impl] [RANK 0] 5859 : iter_speed 9.49 seconds per iteration | Loss: 1.3549
[09-16 14:00:32|INFO|cosmos_framework/callbacks/iter_speed.py:75:every_n_impl] [RANK 0] 5860 : iter_speed 9.48 seconds per iteration | Loss: 1.8780
[09-16 14:00:42|INFO|cosmos_framework/callbacks/grad_clip.py:325:on_before_optimizer_step] [RANK 1] clip_grad_norm/video/global: 0.70703 (iteration 5860)
[09-16 14:00:42|INFO|cosmos_framework/callbacks/grad_clip.py:325:on_before_optimizer_step] [RANK 0] clip_grad_norm/video/global: 0.70703 (iteration 5860)
[09-16 14:00:42|INFO|cosmos_framework/callbacks/iter_speed.py:75:every_n_impl] [RANK 0] 5861 : iter_speed 9.50 seconds per iteration | Loss: 1.5030
[09-16 14:00:51|INFO|cosmos_framework/callbacks/iter_speed.py:75:every_n_impl] [RANK 0] 5862 : iter_speed 9.48 seconds per iteration | Loss: 1.5696
[09-16 14:01:01|INFO|cosmos_framework/callbacks/iter_speed.py:75:every_n_impl] [RANK 0] 5863 : iter_speed 9.47 seconds per iteration | Loss: 1.4224
[09-16 14:01:10|INFO|cosmos_framework/callbacks/iter_speed.py:75:every_n_impl] [RANK 0] 5864 : iter_speed 9.48 seconds per iteration | Loss: 1.4392
[09-16 14:01:20|INFO|cosmos_framework/callbacks/iter_speed.py:75:every_n_impl] [RANK 0] 5865 : iter_speed 9.47 seconds per iteration | Loss: 1.5915
[09-16 14:01:29|INFO|cosmos_framework/callbacks/iter_speed.py:75:every_n_impl] [RANK 0] 5866 : iter_speed 9.47 seconds per iteration | Loss: 1.2973
[09-16 14:01:39|INFO|cosmos_framework/callbacks/iter_speed.py:75:every_n_impl] [RANK 0] 5867 : iter_speed 9.48 seconds per iteration | Loss: 1.4834
[09-16 14:01:48|INFO|cosmos_framework/callbacks/iter_speed.py:75:every_n_impl] [RANK 0] 5868 : iter_speed 9.48 seconds per iteration | Loss: 1.4681
[09-16 14:01:58|INFO|cosmos_framework/callbacks/iter_speed.py:75:every_n_impl] [RANK 0] 5869 : iter_speed 9.48 seconds per iteration | Loss: 1.4338
[09-16 14:02:07|INFO|cosmos_framework/callbacks/iter_speed.py:75:every_n_impl] [RANK 0] 5870 : iter_speed 9.48 seconds per iteration | Loss: 1.4079
[09-16 14:02:17|INFO|cosmos_framework/callbacks/grad_clip.py:325:on_before_optimizer_step] [RANK 0] clip_grad_norm/video/global: 0.52344 (iteration 5870)
[09-16 14:02:17|INFO|cosmos_framework/callbacks/grad_clip.py:325:on_before_optimizer_step] [RANK 1] clip_grad_norm/video/global: 0.52344 (iteration 5870)
[09-16 14:02:17|INFO|cosmos_framework/callbacks/iter_speed.py:75:every_n_impl] [RANK 0] 5871 : iter_speed 9.47 seconds per iteration | Loss: 1.5550
[09-16 14:02:26|INFO|cosmos_framework/callbacks/iter_speed.py:75:every_n_impl] [RANK 0] 5872 : iter_speed 9.47 seconds per iteration | Loss: 1.7008
[09-16 14:02:35|INFO|cosmos_framework/callbacks/iter_speed.py:75:every_n_impl] [RANK 0] 5873 : iter_speed 9.47 seconds per iteration | Loss: 1.5846
[09-16 14:02:45|INFO|cosmos_framework/callbacks/iter_speed.py:75:every_n_impl] [RANK 0] 5874 : iter_speed 9.47 seconds per iteration | Loss: 1.5964
[09-16 14:02:54|INFO|cosmos_framework/callbacks/iter_speed.py:75:every_n_impl] [RANK 0] 5875 : iter_speed 9.49 seconds per iteration | Loss: 1.4713
[09-16 14:03:04|INFO|cosmos_framework/callbacks/iter_speed.py:75:every_n_impl] [RANK 0] 5876 : iter_speed 9.49 seconds per iteration | Loss: 1.3211
[09-16 14:03:13|INFO|cosmos_framework/callbacks/iter_speed.py:75:every_n_impl] [RANK 0] 5877 : iter_speed 9.49 seconds per iteration | Loss: 1.3868
[09-16 14:03:23|INFO|cosmos_framework/callbacks/iter_speed.py:75:every_n_impl] [RANK 0] 5878 : iter_speed 9.48 seconds per iteration | Loss: 1.2723
[09-16 14:03:32|INFO|cosmos_framework/callbacks/iter_speed.py:75:every_n_impl] [RANK 0] 5879 : iter_speed 9.49 seconds per iteration | Loss: 1.6176
[09-16 14:03:42|INFO|cosmos_framework/callbacks/iter_speed.py:75:every_n_impl] [RANK 0] 5880 : iter_speed 9.48 seconds per iteration | Loss: 2.0822
[09-16 14:03:51|INFO|cosmos_framework/callbacks/grad_clip.py:325:on_before_optimizer_step] [RANK 1] clip_grad_norm/video/global: 0.60938 (iteration 5880)
[09-16 14:03:51|INFO|cosmos_framework/callbacks/grad_clip.py:325:on_before_optimizer_step] [RANK 0] clip_grad_norm/video/global: 0.60938 (iteration 5880)
[09-16 14:03:51|INFO|cosmos_framework/callbacks/iter_speed.py:75:every_n_impl] [RANK 0] 5881 : iter_speed 9.48 seconds per iteration | Loss: 1.5704
[09-16 14:04:01|INFO|cosmos_framework/callbacks/iter_speed.py:75:every_n_impl] [RANK 0] 5882 : iter_speed 9.47 seconds per iteration | Loss: 1.7601
[09-16 14:04:10|INFO|cosmos_framework/callbacks/iter_speed.py:75:every_n_impl] [RANK 0] 5883 : iter_speed 9.48 seconds per iteration | Loss: 1.4522
[09-16 14:04:20|INFO|cosmos_framework/callbacks/iter_speed.py:75:every_n_impl] [RANK 0] 5884 : iter_speed 9.48 seconds per iteration | Loss: 1.2800
[09-16 14:04:29|INFO|cosmos_framework/callbacks/iter_speed.py:75:every_n_impl] [RANK 0] 5885 : iter_speed 9.48 seconds per iteration | Loss: 1.4698
[09-16 14:04:39|INFO|cosmos_framework/callbacks/iter_speed.py:75:every_n_impl] [RANK 0] 5886 : iter_speed 9.49 seconds per iteration | Loss: 1.2174
[09-16 14:04:48|INFO|cosmos_framework/callbacks/iter_speed.py:75:every_n_impl] [RANK 0] 5887 : iter_speed 9.48 seconds per iteration | Loss: 1.1984
[09-16 14:04:58|INFO|cosmos_framework/callbacks/iter_speed.py:75:every_n_impl] [RANK 0] 5888 : iter_speed 9.48 seconds per iteration | Loss: 1.2974
[09-16 14:05:07|INFO|cosmos_framework/callbacks/iter_speed.py:75:every_n_impl] [RANK 0] 5889 : iter_speed 9.48 seconds per iteration | Loss: 1.3237
[09-16 14:05:17|INFO|cosmos_framework/callbacks/iter_speed.py:75:every_n_impl] [RANK 0] 5890 : iter_speed 9.48 seconds per iteration | Loss: 1.1753
[09-16 14:05:26|INFO|cosmos_framework/callbacks/grad_clip.py:325:on_before_optimizer_step] [RANK 0] clip_grad_norm/video/global: 0.63281 (iteration 5890)
[09-16 14:05:26|INFO|cosmos_framework/callbacks/grad_clip.py:325:on_before_optimizer_step] [RANK 1] clip_grad_norm/video/global: 0.63281 (iteration 5890)
[09-16 14:05:26|INFO|cosmos_framework/callbacks/iter_speed.py:75:every_n_impl] [RANK 0] 5891 : iter_speed 9.49 seconds per iteration | Loss: 1.2680
[09-16 14:05:36|INFO|cosmos_framework/callbacks/iter_speed.py:75:every_n_impl] [RANK 0] 5892 : iter_speed 9.49 seconds per iteration | Loss: 1.4258
[09-16 14:05:45|INFO|cosmos_framework/callbacks/iter_speed.py:75:every_n_impl] [RANK 0] 5893 : iter_speed 9.49 seconds per iteration | Loss: 1.2964
[09-16 14:05:55|INFO|cosmos_framework/callbacks/iter_speed.py:75:every_n_impl] [RANK 0] 5894 : iter_speed 9.47 seconds per iteration | Loss: 1.4314
[09-16 14:06:04|INFO|cosmos_framework/callbacks/iter_speed.py:75:every_n_impl] [RANK 0] 5895 : iter_speed 9.47 seconds per iteration | Loss: 1.4712
[09-16 14:06:14|INFO|cosmos_framework/callbacks/iter_speed.py:75:every_n_impl] [RANK 0] 5896 : iter_speed 9.48 seconds per iteration | Loss: 1.7113
[09-16 14:06:23|INFO|cosmos_framework/callbacks/iter_speed.py:75:every_n_impl] [RANK 0] 5897 : iter_speed 9.47 seconds per iteration | Loss: 1.7002
[09-16 14:06:33|INFO|cosmos_framework/callbacks/iter_speed.py:75:every_n_impl] [RANK 0] 5898 : iter_speed 9.47 seconds per iteration | Loss: 1.1572
[09-16 14:06:42|INFO|cosmos_framework/callbacks/iter_speed.py:75:every_n_impl] [RANK 0] 5899 : iter_speed 9.47 seconds per iteration | Loss: 1.5537
[09-16 14:06:51|INFO|cosmos_framework/callbacks/iter_speed.py:75:every_n_impl] [RANK 0] 5900 : iter_speed 9.48 seconds per iteration | Loss: 1.1577
[09-16 14:07:01|INFO|cosmos_framework/callbacks/grad_clip.py:325:on_before_optimizer_step] [RANK 0] clip_grad_norm/video/global: 0.62109 (iteration 5900)
[09-16 14:07:01|INFO|cosmos_framework/callbacks/grad_clip.py:325:on_before_optimizer_step] [RANK 1] clip_grad_norm/video/global: 0.62109 (iteration 5900)
[09-16 14:07:01|INFO|cosmos_framework/callbacks/iter_speed.py:75:every_n_impl] [RANK 0] 5901 : iter_speed 9.48 seconds per iteration | Loss: 1.3285
[09-16 14:07:10|INFO|cosmos_framework/callbacks/iter_speed.py:75:every_n_impl] [RANK 0] 5902 : iter_speed 9.49 seconds per iteration | Loss: 1.8602
[09-16 14:07:20|INFO|cosmos_framework/callbacks/iter_speed.py:75:every_n_impl] [RANK 0] 5903 : iter_speed 9.49 seconds per iteration | Loss: 1.2017
[09-16 14:07:29|INFO|cosmos_framework/callbacks/iter_speed.py:75:every_n_impl] [RANK 0] 5904 : iter_speed 9.48 seconds per iteration | Loss: 1.5029
[09-16 14:07:39|INFO|cosmos_framework/callbacks/iter_speed.py:75:every_n_impl] [RANK 0] 5905 : iter_speed 9.48 seconds per iteration | Loss: 1.2058
[09-16 14:07:48|INFO|cosmos_framework/callbacks/iter_speed.py:75:every_n_impl] [RANK 0] 5906 : iter_speed 9.49 seconds per iteration | Loss: 1.3473
[09-16 14:07:58|INFO|cosmos_framework/callbacks/iter_speed.py:75:every_n_impl] [RANK 0] 5907 : iter_speed 9.47 seconds per iteration | Loss: 1.3041
[09-16 14:08:07|INFO|cosmos_framework/callbacks/iter_speed.py:75:every_n_impl] [RANK 0] 5908 : iter_speed 9.48 seconds per iteration | Loss: 1.2507
[09-16 14:08:17|INFO|cosmos_framework/callbacks/iter_speed.py:75:every_n_impl] [RANK 0] 5909 : iter_speed 9.48 seconds per iteration | Loss: 1.3354
[09-16 14:08:26|INFO|cosmos_framework/callbacks/iter_speed.py:75:every_n_impl] [RANK 0] 5910 : iter_speed 9.48 seconds per iteration | Loss: 1.2846
[09-16 14:08:36|INFO|cosmos_framework/callbacks/grad_clip.py:325:on_before_optimizer_step] [RANK 0] clip_grad_norm/video/global: 0.46484 (iteration 5910)
[09-16 14:08:36|INFO|cosmos_framework/callbacks/grad_clip.py:325:on_before_optimizer_step] [RANK 1] clip_grad_norm/video/global: 0.46484 (iteration 5910)
[09-16 14:08:36|INFO|cosmos_framework/callbacks/iter_speed.py:75:every_n_impl] [RANK 0] 5911 : iter_speed 9.48 seconds per iteration | Loss: 1.1765
[09-16 14:08:45|INFO|cosmos_framework/callbacks/iter_speed.py:75:every_n_impl] [RANK 0] 5912 : iter_speed 9.47 seconds per iteration | Loss: 1.4541
[09-16 14:08:55|INFO|cosmos_framework/callbacks/iter_speed.py:75:every_n_impl] [RANK 0] 5913 : iter_speed 9.47 seconds per iteration | Loss: 1.3202
[09-16 14:09:04|INFO|cosmos_framework/callbacks/iter_speed.py:75:every_n_impl] [RANK 0] 5914 : iter_speed 9.48 seconds per iteration | Loss: 1.2445
[09-16 14:09:14|INFO|cosmos_framework/callbacks/iter_speed.py:75:every_n_impl] [RANK 0] 5915 : iter_speed 9.48 seconds per iteration | Loss: 1.0843
[09-16 14:09:23|INFO|cosmos_framework/callbacks/iter_speed.py:75:every_n_impl] [RANK 0] 5916 : iter_speed 9.48 seconds per iteration | Loss: 1.2859
[09-16 14:09:33|INFO|cosmos_framework/callbacks/iter_speed.py:75:every_n_impl] [RANK 0] 5917 : iter_speed 9.49 seconds per iteration | Loss: 1.6160
[09-16 14:09:42|INFO|cosmos_framework/callbacks/iter_speed.py:75:every_n_impl] [RANK 0] 5918 : iter_speed 9.48 seconds per iteration | Loss: 1.2493
[09-16 14:09:52|INFO|cosmos_framework/callbacks/iter_speed.py:75:every_n_impl] [RANK 0] 5919 : iter_speed 9.47 seconds per iteration | Loss: 1.2637
[09-16 14:10:01|INFO|cosmos_framework/callbacks/iter_speed.py:75:every_n_impl] [RANK 0] 5920 : iter_speed 9.47 seconds per iteration | Loss: 1.1574
[09-16 14:10:11|INFO|cosmos_framework/callbacks/grad_clip.py:325:on_before_optimizer_step] [RANK 0] clip_grad_norm/video/global: 0.60156 (iteration 5920)
[09-16 14:10:11|INFO|cosmos_framework/callbacks/grad_clip.py:325:on_before_optimizer_step] [RANK 1] clip_grad_norm/video/global: 0.60156 (iteration 5920)
[09-16 14:10:11|INFO|cosmos_framework/callbacks/iter_speed.py:75:every_n_impl] [RANK 0] 5921 : iter_speed 9.51 seconds per iteration | Loss: 1.3079
[09-16 14:10:20|INFO|cosmos_framework/callbacks/iter_speed.py:75:every_n_impl] [RANK 0] 5922 : iter_speed 9.47 seconds per iteration | Loss: 1.2330
[09-16 14:10:30|INFO|cosmos_framework/callbacks/iter_speed.py:75:every_n_impl] [RANK 0] 5923 : iter_speed 9.47 seconds per iteration | Loss: 1.0973
[09-16 14:10:39|INFO|cosmos_framework/callbacks/iter_speed.py:75:every_n_impl] [RANK 0] 5924 : iter_speed 9.47 seconds per iteration | Loss: 1.2798
[09-16 14:10:48|INFO|cosmos_framework/callbacks/iter_speed.py:75:every_n_impl] [RANK 0] 5925 : iter_speed 9.47 seconds per iteration | Loss: 0.9799
[09-16 14:10:58|INFO|cosmos_framework/callbacks/iter_speed.py:75:every_n_impl] [RANK 0] 5926 : iter_speed 9.49 seconds per iteration | Loss: 1.0038
[09-16 14:11:07|INFO|cosmos_framework/callbacks/iter_speed.py:75:every_n_impl] [RANK 0] 5927 : iter_speed 9.48 seconds per iteration | Loss: 0.9358
[09-16 14:11:17|INFO|cosmos_framework/callbacks/iter_speed.py:75:every_n_impl] [RANK 0] 5928 : iter_speed 9.49 seconds per iteration | Loss: 1.1491
[09-16 14:11:26|INFO|cosmos_framework/callbacks/iter_speed.py:75:every_n_impl] [RANK 0] 5929 : iter_speed 9.48 seconds per iteration | Loss: 1.5849
[09-16 14:11:36|INFO|cosmos_framework/callbacks/iter_speed.py:75:every_n_impl] [RANK 0] 5930 : iter_speed 9.48 seconds per iteration | Loss: 1.1733
[09-16 14:11:45|INFO|cosmos_framework/callbacks/grad_clip.py:325:on_before_optimizer_step] [RANK 1] clip_grad_norm/video/global: 0.53125 (iteration 5930)
[09-16 14:11:45|INFO|cosmos_framework/callbacks/grad_clip.py:325:on_before_optimizer_step] [RANK 0] clip_grad_norm/video/global: 0.53125 (iteration 5930)
[09-16 14:11:45|INFO|cosmos_framework/callbacks/iter_speed.py:75:every_n_impl] [RANK 0] 5931 : iter_speed 9.49 seconds per iteration | Loss: 1.1260
[09-16 14:11:55|INFO|cosmos_framework/callbacks/iter_speed.py:75:every_n_impl] [RANK 0] 5932 : iter_speed 9.47 seconds per iteration | Loss: 1.0691
[09-16 14:12:04|INFO|cosmos_framework/callbacks/iter_speed.py:75:every_n_impl] [RANK 0] 5933 : iter_speed 9.48 seconds per iteration | Loss: 1.2897
[09-16 14:12:14|INFO|cosmos_framework/callbacks/iter_speed.py:75:every_n_impl] [RANK 0] 5934 : iter_speed 9.49 seconds per iteration | Loss: 0.9870
[09-16 14:12:23|INFO|cosmos_framework/callbacks/iter_speed.py:75:every_n_impl] [RANK 0] 5935 : iter_speed 9.48 seconds per iteration | Loss: 1.1860
[09-16 14:12:33|INFO|cosmos_framework/callbacks/iter_speed.py:75:every_n_impl] [RANK 0] 5936 : iter_speed 9.47 seconds per iteration | Loss: 1.1801
[09-16 14:12:42|INFO|cosmos_framework/callbacks/iter_speed.py:75:every_n_impl] [RANK 0] 5937 : iter_speed 9.48 seconds per iteration | Loss: 1.5663
[09-16 14:12:52|INFO|cosmos_framework/callbacks/iter_speed.py:75:every_n_impl] [RANK 0] 5938 : iter_speed 9.48 seconds per iteration | Loss: 1.1387
[09-16 14:13:01|INFO|cosmos_framework/callbacks/iter_speed.py:75:every_n_impl] [RANK 0] 5939 : iter_speed 9.48 seconds per iteration | Loss: 1.2131
[09-16 14:13:11|INFO|cosmos_framework/callbacks/iter_speed.py:75:every_n_impl] [RANK 0] 5940 : iter_speed 9.49 seconds per iteration | Loss: 1.1071
[09-16 14:13:20|INFO|cosmos_framework/callbacks/grad_clip.py:325:on_before_optimizer_step] [RANK 0] clip_grad_norm/video/global: 0.67188 (iteration 5940)
[09-16 14:13:20|INFO|cosmos_framework/callbacks/grad_clip.py:325:on_before_optimizer_step] [RANK 1] clip_grad_norm/video/global: 0.67188 (iteration 5940)
[09-16 14:13:20|INFO|cosmos_framework/callbacks/iter_speed.py:75:every_n_impl] [RANK 0] 5941 : iter_speed 9.48 seconds per iteration | Loss: 1.6340
[09-16 14:13:30|INFO|cosmos_framework/callbacks/iter_speed.py:75:every_n_impl] [RANK 0] 5942 : iter_speed 9.48 seconds per iteration | Loss: 1.3871
[09-16 14:13:39|INFO|cosmos_framework/callbacks/iter_speed.py:75:every_n_impl] [RANK 0] 5943 : iter_speed 9.48 seconds per iteration | Loss: 1.5256
[09-16 14:13:49|INFO|cosmos_framework/callbacks/iter_speed.py:75:every_n_impl] [RANK 0] 5944 : iter_speed 9.48 seconds per iteration | Loss: 1.2206
[09-16 14:13:58|INFO|cosmos_framework/callbacks/iter_speed.py:75:every_n_impl] [RANK 0] 5945 : iter_speed 9.47 seconds per iteration | Loss: 1.4450
[09-16 14:14:08|INFO|cosmos_framework/callbacks/iter_speed.py:75:every_n_impl] [RANK 0] 5946 : iter_speed 9.48 seconds per iteration | Loss: 1.2965
[09-16 14:14:17|INFO|cosmos_framework/callbacks/iter_speed.py:75:every_n_impl] [RANK 0] 5947 : iter_speed 9.47 seconds per iteration | Loss: 1.2327
[09-16 14:14:27|INFO|cosmos_framework/callbacks/iter_speed.py:75:every_n_impl] [RANK 0] 5948 : iter_speed 9.48 seconds per iteration | Loss: 1.1659
[09-16 14:14:36|INFO|cosmos_framework/callbacks/iter_speed.py:75:every_n_impl] [RANK 0] 5949 : iter_speed 9.49 seconds per iteration | Loss: 1.1536
[09-16 14:14:45|INFO|cosmos_framework/callbacks/iter_speed.py:75:every_n_impl] [RANK 0] 5950 : iter_speed 9.49 seconds per iteration | Loss: 1.1949
[09-16 14:14:55|INFO|cosmos_framework/callbacks/grad_clip.py:325:on_before_optimizer_step] [RANK 0] clip_grad_norm/video/global: 0.51172 (iteration 5950)
[09-16 14:14:55|INFO|cosmos_framework/callbacks/grad_clip.py:325:on_before_optimizer_step] [RANK 1] clip_grad_norm/video/global: 0.51172 (iteration 5950)
[09-16 14:14:55|INFO|cosmos_framework/callbacks/iter_speed.py:75:every_n_impl] [RANK 0] 5951 : iter_speed 9.49 seconds per iteration | Loss: 1.0373
[09-16 14:15:04|INFO|cosmos_framework/callbacks/iter_speed.py:75:every_n_impl] [RANK 0] 5952 : iter_speed 9.49 seconds per iteration | Loss: 1.3014
[09-16 14:15:14|INFO|cosmos_framework/callbacks/iter_speed.py:75:every_n_impl] [RANK 0] 5953 : iter_speed 9.49 seconds per iteration | Loss: 1.2093
[09-16 14:15:23|INFO|cosmos_framework/callbacks/iter_speed.py:75:every_n_impl] [RANK 0] 5954 : iter_speed 9.48 seconds per iteration | Loss: 1.1053
[09-16 14:15:33|INFO|cosmos_framework/callbacks/iter_speed.py:75:every_n_impl] [RANK 0] 5955 : iter_speed 9.48 seconds per iteration | Loss: 1.2191
[09-16 14:15:42|INFO|cosmos_framework/callbacks/iter_speed.py:75:every_n_impl] [RANK 0] 5956 : iter_speed 9.49 seconds per iteration | Loss: 1.1738
[09-16 14:15:52|INFO|cosmos_framework/callbacks/iter_speed.py:75:every_n_impl] [RANK 0] 5957 : iter_speed 9.48 seconds per iteration | Loss: 1.1872
[09-16 14:16:01|INFO|cosmos_framework/callbacks/iter_speed.py:75:every_n_impl] [RANK 0] 5958 : iter_speed 9.48 seconds per iteration | Loss: 1.1348
[09-16 14:16:11|INFO|cosmos_framework/callbacks/iter_speed.py:75:every_n_impl] [RANK 0] 5959 : iter_speed 9.48 seconds per iteration | Loss: 1.0463
[09-16 14:16:20|INFO|cosmos_framework/callbacks/iter_speed.py:75:every_n_impl] [RANK 0] 5960 : iter_speed 9.48 seconds per iteration | Loss: 1.6774
[09-16 14:16:30|INFO|cosmos_framework/callbacks/grad_clip.py:325:on_before_optimizer_step] [RANK 0] clip_grad_norm/video/global: 0.55859 (iteration 5960)
[09-16 14:16:30|INFO|cosmos_framework/callbacks/grad_clip.py:325:on_before_optimizer_step] [RANK 1] clip_grad_norm/video/global: 0.55859 (iteration 5960)
[09-16 14:16:30|INFO|cosmos_framework/callbacks/iter_speed.py:75:every_n_impl] [RANK 0] 5961 : iter_speed 9.46 seconds per iteration | Loss: 0.9729
[09-16 14:16:39|INFO|cosmos_framework/callbacks/iter_speed.py:75:every_n_impl] [RANK 0] 5962 : iter_speed 9.48 seconds per iteration | Loss: 1.1387
[09-16 14:16:49|INFO|cosmos_framework/callbacks/iter_speed.py:75:every_n_impl] [RANK 0] 5963 : iter_speed 9.48 seconds per iteration | Loss: 1.0283
[09-16 14:16:58|INFO|cosmos_framework/callbacks/iter_speed.py:75:every_n_impl] [RANK 0] 5964 : iter_speed 9.48 seconds per iteration | Loss: 0.8832
[09-16 14:17:08|INFO|cosmos_framework/callbacks/iter_speed.py:75:every_n_impl] [RANK 0] 5965 : iter_speed 9.48 seconds per iteration | Loss: 1.1717
[09-16 14:17:17|INFO|cosmos_framework/callbacks/iter_speed.py:75:every_n_impl] [RANK 0] 5966 : iter_speed 9.48 seconds per iteration | Loss: 1.6897
[09-16 14:17:27|INFO|cosmos_framework/callbacks/iter_speed.py:75:every_n_impl] [RANK 0] 5967 : iter_speed 9.48 seconds per iteration | Loss: 0.8664
[09-16 14:17:36|INFO|cosmos_framework/callbacks/iter_speed.py:75:every_n_impl] [RANK 0] 5968 : iter_speed 9.47 seconds per iteration | Loss: 1.0774
[09-16 14:17:46|INFO|cosmos_framework/callbacks/iter_speed.py:75:every_n_impl] [RANK 0] 5969 : iter_speed 9.48 seconds per iteration | Loss: 0.9473
[09-16 14:17:55|INFO|cosmos_framework/callbacks/iter_speed.py:75:every_n_impl] [RANK 0] 5970 : iter_speed 9.48 seconds per iteration | Loss: 0.8892
[09-16 14:18:05|INFO|cosmos_framework/callbacks/grad_clip.py:325:on_before_optimizer_step] [RANK 0] clip_grad_norm/video/global: 0.76172 (iteration 5970)
[09-16 14:18:05|INFO|cosmos_framework/callbacks/grad_clip.py:325:on_before_optimizer_step] [RANK 1] clip_grad_norm/video/global: 0.76172 (iteration 5970)
[09-16 14:18:05|INFO|cosmos_framework/callbacks/iter_speed.py:75:every_n_impl] [RANK 0] 5971 : iter_speed 9.48 seconds per iteration | Loss: 1.0667
[09-16 14:18:14|INFO|cosmos_framework/callbacks/iter_speed.py:75:every_n_impl] [RANK 0] 5972 : iter_speed 9.48 seconds per iteration | Loss: 0.9560
[09-16 14:18:24|INFO|cosmos_framework/callbacks/iter_speed.py:75:every_n_impl] [RANK 0] 5973 : iter_speed 9.49 seconds per iteration | Loss: 1.0949
[09-16 14:18:33|INFO|cosmos_framework/callbacks/iter_speed.py:75:every_n_impl] [RANK 0] 5974 : iter_speed 9.49 seconds per iteration | Loss: 1.3779
[09-16 14:18:43|INFO|cosmos_framework/callbacks/iter_speed.py:75:every_n_impl] [RANK 0] 5975 : iter_speed 9.49 seconds per iteration | Loss: 1.0548
[09-16 14:18:52|INFO|cosmos_framework/callbacks/iter_speed.py:75:every_n_impl] [RANK 0] 5976 : iter_speed 9.49 seconds per iteration | Loss: 1.0384
[09-16 14:19:01|INFO|cosmos_framework/callbacks/iter_speed.py:75:every_n_impl] [RANK 0] 5977 : iter_speed 9.47 seconds per iteration | Loss: 1.1718
[09-16 14:19:11|INFO|cosmos_framework/callbacks/iter_speed.py:75:every_n_impl] [RANK 0] 5978 : iter_speed 9.47 seconds per iteration | Loss: 1.6771
[09-16 14:19:20|INFO|cosmos_framework/callbacks/iter_speed.py:75:every_n_impl] [RANK 0] 5979 : iter_speed 9.47 seconds per iteration | Loss: 1.1589
[09-16 14:19:30|INFO|cosmos_framework/callbacks/iter_speed.py:75:every_n_impl] [RANK 0] 5980 : iter_speed 9.48 seconds per iteration | Loss: 1.3393
[09-16 14:19:39|INFO|cosmos_framework/callbacks/grad_clip.py:325:on_before_optimizer_step] [RANK 0] clip_grad_norm/video/global: 0.44141 (iteration 5980)
[09-16 14:19:39|INFO|cosmos_framework/callbacks/grad_clip.py:325:on_before_optimizer_step] [RANK 1] clip_grad_norm/video/global: 0.44141 (iteration 5980)
[09-16 14:19:39|INFO|cosmos_framework/callbacks/iter_speed.py:75:every_n_impl] [RANK 0] 5981 : iter_speed 9.46 seconds per iteration | Loss: 1.0925
[09-16 14:19:49|INFO|cosmos_framework/callbacks/iter_speed.py:75:every_n_impl] [RANK 0] 5982 : iter_speed 9.49 seconds per iteration | Loss: 1.6119
[09-16 14:19:58|INFO|cosmos_framework/callbacks/iter_speed.py:75:every_n_impl] [RANK 0] 5983 : iter_speed 9.47 seconds per iteration | Loss: 1.1708
[09-16 14:20:08|INFO|cosmos_framework/callbacks/iter_speed.py:75:every_n_impl] [RANK 0] 5984 : iter_speed 9.47 seconds per iteration | Loss: 1.8621
[09-16 14:20:17|INFO|cosmos_framework/callbacks/iter_speed.py:75:every_n_impl] [RANK 0] 5985 : iter_speed 9.48 seconds per iteration | Loss: 1.2512
[09-16 14:20:27|INFO|cosmos_framework/callbacks/iter_speed.py:75:every_n_impl] [RANK 0] 5986 : iter_speed 9.49 seconds per iteration | Loss: 1.3665
[09-16 14:20:36|INFO|cosmos_framework/callbacks/iter_speed.py:75:every_n_impl] [RANK 0] 5987 : iter_speed 9.49 seconds per iteration | Loss: 1.4423
[09-16 14:20:46|INFO|cosmos_framework/callbacks/iter_speed.py:75:every_n_impl] [RANK 0] 5988 : iter_speed 9.48 seconds per iteration | Loss: 1.1737
[09-16 14:20:55|INFO|cosmos_framework/callbacks/iter_speed.py:75:every_n_impl] [RANK 0] 5989 : iter_speed 9.48 seconds per iteration | Loss: 1.0715
[09-16 14:21:05|INFO|cosmos_framework/callbacks/iter_speed.py:75:every_n_impl] [RANK 0] 5990 : iter_speed 9.47 seconds per iteration | Loss: 1.3154
[09-16 14:21:14|INFO|cosmos_framework/callbacks/grad_clip.py:325:on_before_optimizer_step] [RANK 1] clip_grad_norm/video/global: 0.53906 (iteration 5990)
[09-16 14:21:14|INFO|cosmos_framework/callbacks/grad_clip.py:325:on_before_optimizer_step] [RANK 0] clip_grad_norm/video/global: 0.53906 (iteration 5990)
[09-16 14:21:14|INFO|cosmos_framework/callbacks/iter_speed.py:75:every_n_impl] [RANK 0] 5991 : iter_speed 9.49 seconds per iteration | Loss: 1.2566
[09-16 14:21:24|INFO|cosmos_framework/callbacks/iter_speed.py:75:every_n_impl] [RANK 0] 5992 : iter_speed 9.48 seconds per iteration | Loss: 1.2982
[09-16 14:21:33|INFO|cosmos_framework/callbacks/iter_speed.py:75:every_n_impl] [RANK 0] 5993 : iter_speed 9.48 seconds per iteration | Loss: 1.1673
[09-16 14:21:43|INFO|cosmos_framework/callbacks/iter_speed.py:75:every_n_impl] [RANK 0] 5994 : iter_speed 9.49 seconds per iteration | Loss: 1.6318
[09-16 14:21:52|INFO|cosmos_framework/callbacks/iter_speed.py:75:every_n_impl] [RANK 0] 5995 : iter_speed 9.48 seconds per iteration | Loss: 1.2189
[09-16 14:22:02|INFO|cosmos_framework/callbacks/iter_speed.py:75:every_n_impl] [RANK 0] 5996 : iter_speed 9.48 seconds per iteration | Loss: 1.3755
[09-16 14:22:11|INFO|cosmos_framework/callbacks/iter_speed.py:75:every_n_impl] [RANK 0] 5997 : iter_speed 9.48 seconds per iteration | Loss: 1.2081
[09-16 14:22:21|INFO|cosmos_framework/callbacks/iter_speed.py:75:every_n_impl] [RANK 0] 5998 : iter_speed 9.48 seconds per iteration | Loss: 1.5743
[09-16 14:22:30|INFO|cosmos_framework/callbacks/iter_speed.py:75:every_n_impl] [RANK 0] 5999 : iter_speed 9.48 seconds per iteration | Loss: 1.2472
[09-16 14:22:47|INFO|cosmos_framework/checkpoint/dcp.py:1081:save_state_dict_worker] Saving last checkpoint file iter_000006000
[09-16 14:22:47|INFO|cosmos_framework/checkpoint/dcp.py:1084:save_state_dict_worker] Saved checkpoint to /home/<brev-user>/cosmos-framework/outputs/train/cosmos3_action/action_sft_sim/action_policy_so101_edge_focus5_multi_1gpu/checkpoints/iter_000006000
[09-16 14:22:47|INFO|cosmos_framework/checkpoint/dcp.py:1145:save] Checkpoint save completed: Time taken: 7.00 seconds
[09-16 14:22:47|INFO|cosmos_framework/callbacks/iter_speed.py:75:every_n_impl] [RANK 0] 6000 : iter_speed 16.53 seconds per iteration | Loss: 1.0589
[09-16 14:22:47|INFO|cosmos_framework/callbacks/device_monitor.py:174:every_n_impl] DeviceMonitor Stats:
                                   Avg           Max           Min
cpu_mem_gb                   30.030849     30.746120     29.315578
peak_gpu_mem_gb              24.092756     24.093014     24.092497
peak_gpu_mem_reserved_gb     26.237305     26.267578     26.207031
nvml_used_gpu_mem_gb         28.152649     28.182922     28.122375
nvml_free_gpu_mem_gb         67.440125     67.470398     67.409851
temp                         56.000000     56.000000     56.000000
power                     93418.500000  95146.000000  91691.000000
util                         19.500000     39.000000      0.000000
clock                      2422.000000   2422.000000   2422.000000
/home/<brev-user>/cosmos-framework/.venv/lib/python3.13/site-packages/torch/distributed/c10d_logger.py:83: UserWarning: barrier(): using the device under current context. You can specify `device_id` in `init_process_group` to mute this warning.
  return func(*args, **kwargs)
[09-16 14:22:56|INFO|cosmos_framework/callbacks/grad_clip.py:325:on_before_optimizer_step] [RANK 1] clip_grad_norm/video/global: 0.54688 (iteration 6000)
[09-16 14:22:56|INFO|cosmos_framework/callbacks/grad_clip.py:325:on_before_optimizer_step] [RANK 0] clip_grad_norm/video/global: 0.54688 (iteration 6000)
[09-16 14:22:56|INFO|cosmos_framework/callbacks/iter_speed.py:75:every_n_impl] [RANK 0] 6001 : iter_speed 9.58 seconds per iteration | Loss: 1.0154
[09-16 14:23:06|INFO|cosmos_framework/callbacks/iter_speed.py:75:every_n_impl] [RANK 0] 6002 : iter_speed 9.46 seconds per iteration | Loss: 1.2629
[09-16 14:23:15|INFO|cosmos_framework/callbacks/iter_speed.py:75:every_n_impl] [RANK 0] 6003 : iter_speed 9.47 seconds per iteration | Loss: 1.0953
[09-16 14:23:25|INFO|cosmos_framework/callbacks/iter_speed.py:75:every_n_impl] [RANK 0] 6004 : iter_speed 9.48 seconds per iteration | Loss: 1.0489
[09-16 14:23:34|INFO|cosmos_framework/callbacks/iter_speed.py:75:every_n_impl] [RANK 0] 6005 : iter_speed 9.48 seconds per iteration | Loss: 1.3291
[09-16 14:23:43|INFO|cosmos_framework/callbacks/iter_speed.py:75:every_n_impl] [RANK 0] 6006 : iter_speed 9.48 seconds per iteration | Loss: 1.1043
[09-16 14:23:53|INFO|cosmos_framework/callbacks/iter_speed.py:75:every_n_impl] [RANK 0] 6007 : iter_speed 9.49 seconds per iteration | Loss: 1.1341
[09-16 14:24:02|INFO|cosmos_framework/callbacks/iter_speed.py:75:every_n_impl] [RANK 0] 6008 : iter_speed 9.48 seconds per iteration | Loss: 1.3903
[09-16 14:24:12|INFO|cosmos_framework/callbacks/iter_speed.py:75:every_n_impl] [RANK 0] 6009 : iter_speed 9.48 seconds per iteration | Loss: 1.1502
[09-16 14:24:21|INFO|cosmos_framework/callbacks/iter_speed.py:75:every_n_impl] [RANK 0] 6010 : iter_speed 9.48 seconds per iteration | Loss: 1.6816
[09-16 14:24:31|INFO|cosmos_framework/callbacks/grad_clip.py:325:on_before_optimizer_step] [RANK 0] clip_grad_norm/video/global: 0.50781 (iteration 6010)
[09-16 14:24:31|INFO|cosmos_framework/callbacks/grad_clip.py:325:on_before_optimizer_step] [RANK 1] clip_grad_norm/video/global: 0.50781 (iteration 6010)
[09-16 14:24:31|INFO|cosmos_framework/callbacks/iter_speed.py:75:every_n_impl] [RANK 0] 6011 : iter_speed 9.49 seconds per iteration | Loss: 1.2154
[09-16 14:24:40|INFO|cosmos_framework/callbacks/iter_speed.py:75:every_n_impl] [RANK 0] 6012 : iter_speed 9.48 seconds per iteration | Loss: 1.3428
[09-16 14:24:50|INFO|cosmos_framework/callbacks/iter_speed.py:75:every_n_impl] [RANK 0] 6013 : iter_speed 9.48 seconds per iteration | Loss: 1.3368
[09-16 14:24:59|INFO|cosmos_framework/callbacks/iter_speed.py:75:every_n_impl] [RANK 0] 6014 : iter_speed 9.47 seconds per iteration | Loss: 1.5430
[09-16 14:25:09|INFO|cosmos_framework/callbacks/iter_speed.py:75:every_n_impl] [RANK 0] 6015 : iter_speed 9.48 seconds per iteration | Loss: 1.6834
[09-16 14:25:18|INFO|cosmos_framework/callbacks/iter_speed.py:75:every_n_impl] [RANK 0] 6016 : iter_speed 9.48 seconds per iteration | Loss: 1.1187
[09-16 14:25:28|INFO|cosmos_framework/callbacks/iter_speed.py:75:every_n_impl] [RANK 0] 6017 : iter_speed 9.48 seconds per iteration | Loss: 2.6691
[09-16 14:25:37|INFO|cosmos_framework/callbacks/iter_speed.py:75:every_n_impl] [RANK 0] 6018 : iter_speed 9.49 seconds per iteration | Loss: 1.3974
[09-16 14:25:47|INFO|cosmos_framework/callbacks/iter_speed.py:75:every_n_impl] [RANK 0] 6019 : iter_speed 9.49 seconds per iteration | Loss: 1.0670
[09-16 14:25:56|INFO|cosmos_framework/callbacks/iter_speed.py:75:every_n_impl] [RANK 0] 6020 : iter_speed 9.49 seconds per iteration | Loss: 1.1168
[09-16 14:26:06|INFO|cosmos_framework/callbacks/grad_clip.py:325:on_before_optimizer_step] [RANK 1] clip_grad_norm/video/global: 0.64844 (iteration 6020)
[09-16 14:26:06|INFO|cosmos_framework/callbacks/grad_clip.py:325:on_before_optimizer_step] [RANK 0] clip_grad_norm/video/global: 0.64844 (iteration 6020)
[09-16 14:26:06|INFO|cosmos_framework/callbacks/iter_speed.py:75:every_n_impl] [RANK 0] 6021 : iter_speed 9.48 seconds per iteration | Loss: 1.6585
[09-16 14:26:15|INFO|cosmos_framework/callbacks/iter_speed.py:75:every_n_impl] [RANK 0] 6022 : iter_speed 9.49 seconds per iteration | Loss: 1.3092
[09-16 14:26:25|INFO|cosmos_framework/callbacks/iter_speed.py:75:every_n_impl] [RANK 0] 6023 : iter_speed 9.48 seconds per iteration | Loss: 1.2143
[09-16 14:26:34|INFO|cosmos_framework/callbacks/iter_speed.py:75:every_n_impl] [RANK 0] 6024 : iter_speed 9.48 seconds per iteration | Loss: 1.1559
[09-16 14:26:44|INFO|cosmos_framework/callbacks/iter_speed.py:75:every_n_impl] [RANK 0] 6025 : iter_speed 9.48 seconds per iteration | Loss: 1.4209
[09-16 14:26:53|INFO|cosmos_framework/callbacks/iter_speed.py:75:every_n_impl] [RANK 0] 6026 : iter_speed 9.48 seconds per iteration | Loss: 1.2012
[09-16 14:27:03|INFO|cosmos_framework/callbacks/iter_speed.py:75:every_n_impl] [RANK 0] 6027 : iter_speed 9.48 seconds per iteration | Loss: 1.2645
[09-16 14:27:12|INFO|cosmos_framework/callbacks/iter_speed.py:75:every_n_impl] [RANK 0] 6028 : iter_speed 9.47 seconds per iteration | Loss: 1.3213
[09-16 14:27:22|INFO|cosmos_framework/callbacks/iter_speed.py:75:every_n_impl] [RANK 0] 6029 : iter_speed 9.47 seconds per iteration | Loss: 1.2684
[09-16 14:27:31|INFO|cosmos_framework/callbacks/iter_speed.py:75:every_n_impl] [RANK 0] 6030 : iter_speed 9.48 seconds per iteration | Loss: 1.8022
[09-16 14:27:41|INFO|cosmos_framework/callbacks/grad_clip.py:325:on_before_optimizer_step] [RANK 1] clip_grad_norm/video/global: 0.50391 (iteration 6030)
[09-16 14:27:41|INFO|cosmos_framework/callbacks/grad_clip.py:325:on_before_optimizer_step] [RANK 0] clip_grad_norm/video/global: 0.50391 (iteration 6030)
[09-16 14:27:41|INFO|cosmos_framework/callbacks/iter_speed.py:75:every_n_impl] [RANK 0] 6031 : iter_speed 9.48 seconds per iteration | Loss: 1.5613
[09-16 14:27:50|INFO|cosmos_framework/callbacks/iter_speed.py:75:every_n_impl] [RANK 0] 6032 : iter_speed 9.48 seconds per iteration | Loss: 1.2341
[09-16 14:27:59|INFO|cosmos_framework/callbacks/iter_speed.py:75:every_n_impl] [RANK 0] 6033 : iter_speed 9.47 seconds per iteration | Loss: 1.3587
[09-16 14:28:09|INFO|cosmos_framework/callbacks/iter_speed.py:75:every_n_impl] [RANK 0] 6034 : iter_speed 9.47 seconds per iteration | Loss: 1.5103
[09-16 14:28:18|INFO|cosmos_framework/callbacks/iter_speed.py:75:every_n_impl] [RANK 0] 6035 : iter_speed 9.48 seconds per iteration | Loss: 1.1854
[09-16 14:28:28|INFO|cosmos_framework/callbacks/iter_speed.py:75:every_n_impl] [RANK 0] 6036 : iter_speed 9.49 seconds per iteration | Loss: 1.6370
[09-16 14:28:37|INFO|cosmos_framework/callbacks/iter_speed.py:75:every_n_impl] [RANK 0] 6037 : iter_speed 9.49 seconds per iteration | Loss: 1.4923
[09-16 14:28:47|INFO|cosmos_framework/callbacks/iter_speed.py:75:every_n_impl] [RANK 0] 6038 : iter_speed 9.49 seconds per iteration | Loss: 1.3402
[09-16 14:28:56|INFO|cosmos_framework/callbacks/iter_speed.py:75:every_n_impl] [RANK 0] 6039 : iter_speed 9.48 seconds per iteration | Loss: 1.6558
[09-16 14:29:06|INFO|cosmos_framework/callbacks/iter_speed.py:75:every_n_impl] [RANK 0] 6040 : iter_speed 9.49 seconds per iteration | Loss: 1.6216
[09-16 14:29:15|INFO|cosmos_framework/callbacks/grad_clip.py:325:on_before_optimizer_step] [RANK 0] clip_grad_norm/video/global: 0.57031 (iteration 6040)
[09-16 14:29:15|INFO|cosmos_framework/callbacks/grad_clip.py:325:on_before_optimizer_step] [RANK 1] clip_grad_norm/video/global: 0.57031 (iteration 6040)
[09-16 14:29:15|INFO|cosmos_framework/callbacks/iter_speed.py:75:every_n_impl] [RANK 0] 6041 : iter_speed 9.51 seconds per iteration | Loss: 1.9826
[09-16 14:29:25|INFO|cosmos_framework/callbacks/iter_speed.py:75:every_n_impl] [RANK 0] 6042 : iter_speed 9.49 seconds per iteration | Loss: 1.2992
[09-16 14:29:34|INFO|cosmos_framework/callbacks/iter_speed.py:75:every_n_impl] [RANK 0] 6043 : iter_speed 9.48 seconds per iteration | Loss: 1.5131
[09-16 14:29:44|INFO|cosmos_framework/callbacks/iter_speed.py:75:every_n_impl] [RANK 0] 6044 : iter_speed 9.48 seconds per iteration | Loss: 1.2916
[09-16 14:29:53|INFO|cosmos_framework/callbacks/iter_speed.py:75:every_n_impl] [RANK 0] 6045 : iter_speed 9.48 seconds per iteration | Loss: 1.3073
[09-16 14:30:03|INFO|cosmos_framework/callbacks/iter_speed.py:75:every_n_impl] [RANK 0] 6046 : iter_speed 9.48 seconds per iteration | Loss: 1.3821
[09-16 14:30:12|INFO|cosmos_framework/callbacks/iter_speed.py:75:every_n_impl] [RANK 0] 6047 : iter_speed 9.49 seconds per iteration | Loss: 1.2589
[09-16 14:30:22|INFO|cosmos_framework/callbacks/iter_speed.py:75:every_n_impl] [RANK 0] 6048 : iter_speed 9.48 seconds per iteration | Loss: 1.3926
[09-16 14:30:31|INFO|cosmos_framework/callbacks/iter_speed.py:75:every_n_impl] [RANK 0] 6049 : iter_speed 9.48 seconds per iteration | Loss: 1.4041
[09-16 14:30:41|INFO|cosmos_framework/callbacks/iter_speed.py:75:every_n_impl] [RANK 0] 6050 : iter_speed 9.48 seconds per iteration | Loss: 1.3107
[09-16 14:30:50|INFO|cosmos_framework/callbacks/grad_clip.py:325:on_before_optimizer_step] [RANK 1] clip_grad_norm/video/global: 0.63281 (iteration 6050)
[09-16 14:30:50|INFO|cosmos_framework/callbacks/grad_clip.py:325:on_before_optimizer_step] [RANK 0] clip_grad_norm/video/global: 0.63281 (iteration 6050)
[09-16 14:30:50|INFO|cosmos_framework/callbacks/iter_speed.py:75:every_n_impl] [RANK 0] 6051 : iter_speed 9.49 seconds per iteration | Loss: 1.4551
[09-16 14:31:00|INFO|cosmos_framework/callbacks/iter_speed.py:75:every_n_impl] [RANK 0] 6052 : iter_speed 9.50 seconds per iteration | Loss: 1.1656
[09-16 14:31:09|INFO|cosmos_framework/callbacks/iter_speed.py:75:every_n_impl] [RANK 0] 6053 : iter_speed 9.48 seconds per iteration | Loss: 1.4232
[09-16 14:31:19|INFO|cosmos_framework/callbacks/iter_speed.py:75:every_n_impl] [RANK 0] 6054 : iter_speed 9.48 seconds per iteration | Loss: 1.6968
[09-16 14:31:28|INFO|cosmos_framework/callbacks/iter_speed.py:75:every_n_impl] [RANK 0] 6055 : iter_speed 9.49 seconds per iteration | Loss: 1.2673
[09-16 14:31:38|INFO|cosmos_framework/callbacks/iter_speed.py:75:every_n_impl] [RANK 0] 6056 : iter_speed 9.48 seconds per iteration | Loss: 1.3653
[09-16 14:31:47|INFO|cosmos_framework/callbacks/iter_speed.py:75:every_n_impl] [RANK 0] 6057 : iter_speed 9.48 seconds per iteration | Loss: 1.3638
[09-16 14:31:57|INFO|cosmos_framework/callbacks/iter_speed.py:75:every_n_impl] [RANK 0] 6058 : iter_speed 9.49 seconds per iteration | Loss: 1.5263
[09-16 14:32:06|INFO|cosmos_framework/callbacks/iter_speed.py:75:every_n_impl] [RANK 0] 6059 : iter_speed 9.50 seconds per iteration | Loss: 1.2772
[09-16 14:32:16|INFO|cosmos_framework/callbacks/iter_speed.py:75:every_n_impl] [RANK 0] 6060 : iter_speed 9.48 seconds per iteration | Loss: 1.6569
[09-16 14:32:25|INFO|cosmos_framework/callbacks/grad_clip.py:325:on_before_optimizer_step] [RANK 0] clip_grad_norm/video/global: 0.55859 (iteration 6060)
[09-16 14:32:25|INFO|cosmos_framework/callbacks/grad_clip.py:325:on_before_optimizer_step] [RANK 1] clip_grad_norm/video/global: 0.55859 (iteration 6060)
[09-16 14:32:25|INFO|cosmos_framework/callbacks/iter_speed.py:75:every_n_impl] [RANK 0] 6061 : iter_speed 9.49 seconds per iteration | Loss: 1.1783
[09-16 14:32:35|INFO|cosmos_framework/callbacks/iter_speed.py:75:every_n_impl] [RANK 0] 6062 : iter_speed 9.47 seconds per iteration | Loss: 1.1314
[09-16 14:32:44|INFO|cosmos_framework/callbacks/iter_speed.py:75:every_n_impl] [RANK 0] 6063 : iter_speed 9.47 seconds per iteration | Loss: 1.2904
[09-16 14:32:53|INFO|cosmos_framework/callbacks/iter_speed.py:75:every_n_impl] [RANK 0] 6064 : iter_speed 9.48 seconds per iteration | Loss: 1.4464
[09-16 14:33:03|INFO|cosmos_framework/callbacks/iter_speed.py:75:every_n_impl] [RANK 0] 6065 : iter_speed 9.48 seconds per iteration | Loss: 1.2203
[09-16 14:33:12|INFO|cosmos_framework/callbacks/iter_speed.py:75:every_n_impl] [RANK 0] 6066 : iter_speed 9.48 seconds per iteration | Loss: 1.7204
[09-16 14:33:22|INFO|cosmos_framework/callbacks/iter_speed.py:75:every_n_impl] [RANK 0] 6067 : iter_speed 9.48 seconds per iteration | Loss: 1.2847
[09-16 14:33:31|INFO|cosmos_framework/callbacks/iter_speed.py:75:every_n_impl] [RANK 0] 6068 : iter_speed 9.48 seconds per iteration | Loss: 2.0786
[09-16 14:33:41|INFO|cosmos_framework/callbacks/iter_speed.py:75:every_n_impl] [RANK 0] 6069 : iter_speed 9.48 seconds per iteration | Loss: 1.2317
[09-16 14:33:50|INFO|cosmos_framework/callbacks/iter_speed.py:75:every_n_impl] [RANK 0] 6070 : iter_speed 9.47 seconds per iteration | Loss: 1.5371
[09-16 14:34:00|INFO|cosmos_framework/callbacks/grad_clip.py:325:on_before_optimizer_step] [RANK 0] clip_grad_norm/video/global: 0.59375 (iteration 6070)
[09-16 14:34:00|INFO|cosmos_framework/callbacks/grad_clip.py:325:on_before_optimizer_step] [RANK 1] clip_grad_norm/video/global: 0.59375 (iteration 6070)
[09-16 14:34:00|INFO|cosmos_framework/callbacks/iter_speed.py:75:every_n_impl] [RANK 0] 6071 : iter_speed 9.46 seconds per iteration | Loss: 1.1071
[09-16 14:34:09|INFO|cosmos_framework/callbacks/iter_speed.py:75:every_n_impl] [RANK 0] 6072 : iter_speed 9.49 seconds per iteration | Loss: 1.1926
[09-16 14:34:19|INFO|cosmos_framework/callbacks/iter_speed.py:75:every_n_impl] [RANK 0] 6073 : iter_speed 9.48 seconds per iteration | Loss: 1.0413
[09-16 14:34:28|INFO|cosmos_framework/callbacks/iter_speed.py:75:every_n_impl] [RANK 0] 6074 : iter_speed 9.48 seconds per iteration | Loss: 1.1736
[09-16 14:34:38|INFO|cosmos_framework/callbacks/iter_speed.py:75:every_n_impl] [RANK 0] 6075 : iter_speed 9.48 seconds per iteration | Loss: 1.3810
[09-16 14:34:47|INFO|cosmos_framework/callbacks/iter_speed.py:75:every_n_impl] [RANK 0] 6076 : iter_speed 9.49 seconds per iteration | Loss: 1.5648
[09-16 14:34:57|INFO|cosmos_framework/callbacks/iter_speed.py:75:every_n_impl] [RANK 0] 6077 : iter_speed 9.48 seconds per iteration | Loss: 1.4706
[09-16 14:35:06|INFO|cosmos_framework/callbacks/iter_speed.py:75:every_n_impl] [RANK 0] 6078 : iter_speed 9.48 seconds per iteration | Loss: 1.1296
[09-16 14:35:16|INFO|cosmos_framework/callbacks/iter_speed.py:75:every_n_impl] [RANK 0] 6079 : iter_speed 9.49 seconds per iteration | Loss: 1.1300
[09-16 14:35:25|INFO|cosmos_framework/callbacks/iter_speed.py:75:every_n_impl] [RANK 0] 6080 : iter_speed 9.47 seconds per iteration | Loss: 1.1160
[09-16 14:35:35|INFO|cosmos_framework/callbacks/grad_clip.py:325:on_before_optimizer_step] [RANK 0] clip_grad_norm/video/global: 0.58594 (iteration 6080)
[09-16 14:35:35|INFO|cosmos_framework/callbacks/grad_clip.py:325:on_before_optimizer_step] [RANK 1] clip_grad_norm/video/global: 0.58594 (iteration 6080)
[09-16 14:35:35|INFO|cosmos_framework/callbacks/iter_speed.py:75:every_n_impl] [RANK 0] 6081 : iter_speed 9.49 seconds per iteration | Loss: 1.2510
[09-16 14:35:44|INFO|cosmos_framework/callbacks/iter_speed.py:75:every_n_impl] [RANK 0] 6082 : iter_speed 9.48 seconds per iteration | Loss: 1.2164
[09-16 14:35:54|INFO|cosmos_framework/callbacks/iter_speed.py:75:every_n_impl] [RANK 0] 6083 : iter_speed 9.48 seconds per iteration | Loss: 1.3523
[09-16 14:36:03|INFO|cosmos_framework/callbacks/iter_speed.py:75:every_n_impl] [RANK 0] 6084 : iter_speed 9.48 seconds per iteration | Loss: 1.2707
[09-16 14:36:13|INFO|cosmos_framework/callbacks/iter_speed.py:75:every_n_impl] [RANK 0] 6085 : iter_speed 9.48 seconds per iteration | Loss: 1.3307
[09-16 14:36:22|INFO|cosmos_framework/callbacks/iter_speed.py:75:every_n_impl] [RANK 0] 6086 : iter_speed 9.48 seconds per iteration | Loss: 1.6375
[09-16 14:36:32|INFO|cosmos_framework/callbacks/iter_speed.py:75:every_n_impl] [RANK 0] 6087 : iter_speed 9.47 seconds per iteration | Loss: 1.2594
[09-16 14:36:41|INFO|cosmos_framework/callbacks/iter_speed.py:75:every_n_impl] [RANK 0] 6088 : iter_speed 9.48 seconds per iteration | Loss: 1.2122
[09-16 14:36:50|INFO|cosmos_framework/callbacks/iter_speed.py:75:every_n_impl] [RANK 0] 6089 : iter_speed 9.47 seconds per iteration | Loss: 1.1174
[09-16 14:37:00|INFO|cosmos_framework/callbacks/iter_speed.py:75:every_n_impl] [RANK 0] 6090 : iter_speed 9.47 seconds per iteration | Loss: 1.3342
[09-16 14:37:09|INFO|cosmos_framework/callbacks/grad_clip.py:325:on_before_optimizer_step] [RANK 1] clip_grad_norm/video/global: 0.66016 (iteration 6090)
[09-16 14:37:09|INFO|cosmos_framework/callbacks/grad_clip.py:325:on_before_optimizer_step] [RANK 0] clip_grad_norm/video/global: 0.66016 (iteration 6090)
[09-16 14:37:09|INFO|cosmos_framework/callbacks/iter_speed.py:75:every_n_impl] [RANK 0] 6091 : iter_speed 9.48 seconds per iteration | Loss: 1.0674
[09-16 14:37:19|INFO|cosmos_framework/callbacks/iter_speed.py:75:every_n_impl] [RANK 0] 6092 : iter_speed 9.48 seconds per iteration | Loss: 1.7858
[09-16 14:37:28|INFO|cosmos_framework/callbacks/iter_speed.py:75:every_n_impl] [RANK 0] 6093 : iter_speed 9.48 seconds per iteration | Loss: 1.4544
[09-16 14:37:38|INFO|cosmos_framework/callbacks/iter_speed.py:75:every_n_impl] [RANK 0] 6094 : iter_speed 9.49 seconds per iteration | Loss: 1.3286
[09-16 14:37:47|INFO|cosmos_framework/callbacks/iter_speed.py:75:every_n_impl] [RANK 0] 6095 : iter_speed 9.49 seconds per iteration | Loss: 1.5435
[09-16 14:37:57|INFO|cosmos_framework/callbacks/iter_speed.py:75:every_n_impl] [RANK 0] 6096 : iter_speed 9.48 seconds per iteration | Loss: 0.9949
[09-16 14:38:06|INFO|cosmos_framework/callbacks/iter_speed.py:75:every_n_impl] [RANK 0] 6097 : iter_speed 9.48 seconds per iteration | Loss: 1.1927
[09-16 14:38:16|INFO|cosmos_framework/callbacks/iter_speed.py:75:every_n_impl] [RANK 0] 6098 : iter_speed 9.50 seconds per iteration | Loss: 1.0533
[09-16 14:38:25|INFO|cosmos_framework/callbacks/iter_speed.py:75:every_n_impl] [RANK 0] 6099 : iter_speed 9.48 seconds per iteration | Loss: 1.5399
[09-16 14:38:35|INFO|cosmos_framework/callbacks/iter_speed.py:75:every_n_impl] [RANK 0] 6100 : iter_speed 9.48 seconds per iteration | Loss: 1.0860
[09-16 14:38:44|INFO|cosmos_framework/callbacks/grad_clip.py:325:on_before_optimizer_step] [RANK 0] clip_grad_norm/video/global: 0.52344 (iteration 6100)
[09-16 14:38:44|INFO|cosmos_framework/callbacks/grad_clip.py:325:on_before_optimizer_step] [RANK 1] clip_grad_norm/video/global: 0.52344 (iteration 6100)
[09-16 14:38:44|INFO|cosmos_framework/callbacks/iter_speed.py:75:every_n_impl] [RANK 0] 6101 : iter_speed 9.49 seconds per iteration | Loss: 1.0625
[09-16 14:38:54|INFO|cosmos_framework/callbacks/iter_speed.py:75:every_n_impl] [RANK 0] 6102 : iter_speed 9.47 seconds per iteration | Loss: 1.0486
[09-16 14:39:03|INFO|cosmos_framework/callbacks/iter_speed.py:75:every_n_impl] [RANK 0] 6103 : iter_speed 9.48 seconds per iteration | Loss: 1.1654
[09-16 14:39:13|INFO|cosmos_framework/callbacks/iter_speed.py:75:every_n_impl] [RANK 0] 6104 : iter_speed 9.49 seconds per iteration | Loss: 1.6339
[09-16 14:39:22|INFO|cosmos_framework/callbacks/iter_speed.py:75:every_n_impl] [RANK 0] 6105 : iter_speed 9.48 seconds per iteration | Loss: 1.0770
[09-16 14:39:32|INFO|cosmos_framework/callbacks/iter_speed.py:75:every_n_impl] [RANK 0] 6106 : iter_speed 9.49 seconds per iteration | Loss: 1.0684
[09-16 14:39:41|INFO|cosmos_framework/callbacks/iter_speed.py:75:every_n_impl] [RANK 0] 6107 : iter_speed 9.49 seconds per iteration | Loss: 1.4760
[09-16 14:39:51|INFO|cosmos_framework/callbacks/iter_speed.py:75:every_n_impl] [RANK 0] 6108 : iter_speed 9.48 seconds per iteration | Loss: 1.3276
[09-16 14:40:00|INFO|cosmos_framework/callbacks/iter_speed.py:75:every_n_impl] [RANK 0] 6109 : iter_speed 9.49 seconds per iteration | Loss: 1.1402
[09-16 14:40:10|INFO|cosmos_framework/callbacks/iter_speed.py:75:every_n_impl] [RANK 0] 6110 : iter_speed 9.50 seconds per iteration | Loss: 1.1069
[09-16 14:40:19|INFO|cosmos_framework/callbacks/grad_clip.py:325:on_before_optimizer_step] [RANK 1] clip_grad_norm/video/global: 0.53906 (iteration 6110)
[09-16 14:40:19|INFO|cosmos_framework/callbacks/grad_clip.py:325:on_before_optimizer_step] [RANK 0] clip_grad_norm/video/global: 0.53906 (iteration 6110)
[09-16 14:40:19|INFO|cosmos_framework/callbacks/iter_speed.py:75:every_n_impl] [RANK 0] 6111 : iter_speed 9.48 seconds per iteration | Loss: 1.4965
[09-16 14:40:29|INFO|cosmos_framework/callbacks/iter_speed.py:75:every_n_impl] [RANK 0] 6112 : iter_speed 9.48 seconds per iteration | Loss: 1.3244
[09-16 14:40:38|INFO|cosmos_framework/callbacks/iter_speed.py:75:every_n_impl] [RANK 0] 6113 : iter_speed 9.48 seconds per iteration | Loss: 1.3865
[09-16 14:40:48|INFO|cosmos_framework/callbacks/iter_speed.py:75:every_n_impl] [RANK 0] 6114 : iter_speed 9.49 seconds per iteration | Loss: 1.1967
[09-16 14:40:57|INFO|cosmos_framework/callbacks/iter_speed.py:75:every_n_impl] [RANK 0] 6115 : iter_speed 9.49 seconds per iteration | Loss: 1.0465
[09-16 14:41:07|INFO|cosmos_framework/callbacks/iter_speed.py:75:every_n_impl] [RANK 0] 6116 : iter_speed 9.48 seconds per iteration | Loss: 1.3215
[09-16 14:41:16|INFO|cosmos_framework/callbacks/iter_speed.py:75:every_n_impl] [RANK 0] 6117 : iter_speed 9.49 seconds per iteration | Loss: 1.0418
[09-16 14:41:25|INFO|cosmos_framework/callbacks/iter_speed.py:75:every_n_impl] [RANK 0] 6118 : iter_speed 9.49 seconds per iteration | Loss: 1.2913
[09-16 14:41:35|INFO|cosmos_framework/callbacks/iter_speed.py:75:every_n_impl] [RANK 0] 6119 : iter_speed 9.48 seconds per iteration | Loss: 1.1477
[09-16 14:41:44|INFO|cosmos_framework/callbacks/iter_speed.py:75:every_n_impl] [RANK 0] 6120 : iter_speed 9.47 seconds per iteration | Loss: 1.0915
[09-16 14:41:54|INFO|cosmos_framework/callbacks/grad_clip.py:325:on_before_optimizer_step] [RANK 0] clip_grad_norm/video/global: 0.60547 (iteration 6120)
[09-16 14:41:54|INFO|cosmos_framework/callbacks/grad_clip.py:325:on_before_optimizer_step] [RANK 1] clip_grad_norm/video/global: 0.60547 (iteration 6120)
[09-16 14:41:54|INFO|cosmos_framework/callbacks/iter_speed.py:75:every_n_impl] [RANK 0] 6121 : iter_speed 9.49 seconds per iteration | Loss: 1.5833
[09-16 14:42:03|INFO|cosmos_framework/callbacks/iter_speed.py:75:every_n_impl] [RANK 0] 6122 : iter_speed 9.48 seconds per iteration | Loss: 0.9872
[09-16 14:42:13|INFO|cosmos_framework/callbacks/iter_speed.py:75:every_n_impl] [RANK 0] 6123 : iter_speed 9.47 seconds per iteration | Loss: 1.2345
[09-16 14:42:22|INFO|cosmos_framework/callbacks/iter_speed.py:75:every_n_impl] [RANK 0] 6124 : iter_speed 9.48 seconds per iteration | Loss: 1.1159
[09-16 14:42:32|INFO|cosmos_framework/callbacks/iter_speed.py:75:every_n_impl] [RANK 0] 6125 : iter_speed 9.48 seconds per iteration | Loss: 1.1320
[09-16 14:42:41|INFO|cosmos_framework/callbacks/iter_speed.py:75:every_n_impl] [RANK 0] 6126 : iter_speed 9.48 seconds per iteration | Loss: 1.1393
[09-16 14:42:51|INFO|cosmos_framework/callbacks/iter_speed.py:75:every_n_impl] [RANK 0] 6127 : iter_speed 9.48 seconds per iteration | Loss: 0.9407
[09-16 14:43:00|INFO|cosmos_framework/callbacks/iter_speed.py:75:every_n_impl] [RANK 0] 6128 : iter_speed 9.48 seconds per iteration | Loss: 1.0590
[09-16 14:43:10|INFO|cosmos_framework/callbacks/iter_speed.py:75:every_n_impl] [RANK 0] 6129 : iter_speed 9.49 seconds per iteration | Loss: 1.3344
[09-16 14:43:19|INFO|cosmos_framework/callbacks/iter_speed.py:75:every_n_impl] [RANK 0] 6130 : iter_speed 9.48 seconds per iteration | Loss: 1.1590
[09-16 14:43:29|INFO|cosmos_framework/callbacks/grad_clip.py:325:on_before_optimizer_step] [RANK 0] clip_grad_norm/video/global: 0.60547 (iteration 6130)
[09-16 14:43:29|INFO|cosmos_framework/callbacks/grad_clip.py:325:on_before_optimizer_step] [RANK 1] clip_grad_norm/video/global: 0.60547 (iteration 6130)
[09-16 14:43:29|INFO|cosmos_framework/callbacks/iter_speed.py:75:every_n_impl] [RANK 0] 6131 : iter_speed 9.48 seconds per iteration | Loss: 1.2884
[09-16 14:43:38|INFO|cosmos_framework/callbacks/iter_speed.py:75:every_n_impl] [RANK 0] 6132 : iter_speed 9.48 seconds per iteration | Loss: 1.0670
[09-16 14:43:48|INFO|cosmos_framework/callbacks/iter_speed.py:75:every_n_impl] [RANK 0] 6133 : iter_speed 9.48 seconds per iteration | Loss: 1.1118
[09-16 14:43:57|INFO|cosmos_framework/callbacks/iter_speed.py:75:every_n_impl] [RANK 0] 6134 : iter_speed 9.48 seconds per iteration | Loss: 0.9423
[09-16 14:44:07|INFO|cosmos_framework/callbacks/iter_speed.py:75:every_n_impl] [RANK 0] 6135 : iter_speed 9.48 seconds per iteration | Loss: 1.0961
[09-16 14:44:16|INFO|cosmos_framework/callbacks/iter_speed.py:75:every_n_impl] [RANK 0] 6136 : iter_speed 9.49 seconds per iteration | Loss: 1.0743
[09-16 14:44:26|INFO|cosmos_framework/callbacks/iter_speed.py:75:every_n_impl] [RANK 0] 6137 : iter_speed 9.49 seconds per iteration | Loss: 1.0308
[09-16 14:44:35|INFO|cosmos_framework/callbacks/iter_speed.py:75:every_n_impl] [RANK 0] 6138 : iter_speed 9.48 seconds per iteration | Loss: 1.0825
[09-16 14:44:45|INFO|cosmos_framework/callbacks/iter_speed.py:75:every_n_impl] [RANK 0] 6139 : iter_speed 9.48 seconds per iteration | Loss: 1.0868
[09-16 14:44:54|INFO|cosmos_framework/callbacks/iter_speed.py:75:every_n_impl] [RANK 0] 6140 : iter_speed 9.49 seconds per iteration | Loss: 1.0820
[09-16 14:45:04|INFO|cosmos_framework/callbacks/grad_clip.py:325:on_before_optimizer_step] [RANK 0] clip_grad_norm/video/global: 0.60547 (iteration 6140)
[09-16 14:45:04|INFO|cosmos_framework/callbacks/grad_clip.py:325:on_before_optimizer_step] [RANK 1] clip_grad_norm/video/global: 0.60547 (iteration 6140)
[09-16 14:45:04|INFO|cosmos_framework/callbacks/iter_speed.py:75:every_n_impl] [RANK 0] 6141 : iter_speed 9.50 seconds per iteration | Loss: 1.0661
[09-16 14:45:13|INFO|cosmos_framework/callbacks/iter_speed.py:75:every_n_impl] [RANK 0] 6142 : iter_speed 9.49 seconds per iteration | Loss: 1.2258
[09-16 14:45:23|INFO|cosmos_framework/callbacks/iter_speed.py:75:every_n_impl] [RANK 0] 6143 : iter_speed 9.49 seconds per iteration | Loss: 1.3313
[09-16 14:45:32|INFO|cosmos_framework/callbacks/iter_speed.py:75:every_n_impl] [RANK 0] 6144 : iter_speed 9.48 seconds per iteration | Loss: 1.3780
[09-16 14:45:42|INFO|cosmos_framework/callbacks/iter_speed.py:75:every_n_impl] [RANK 0] 6145 : iter_speed 9.49 seconds per iteration | Loss: 1.1020
[09-16 14:45:51|INFO|cosmos_framework/callbacks/iter_speed.py:75:every_n_impl] [RANK 0] 6146 : iter_speed 9.48 seconds per iteration | Loss: 1.2463
[09-16 14:46:00|INFO|cosmos_framework/callbacks/iter_speed.py:75:every_n_impl] [RANK 0] 6147 : iter_speed 9.48 seconds per iteration | Loss: 1.6070
[09-16 14:46:10|INFO|cosmos_framework/callbacks/iter_speed.py:75:every_n_impl] [RANK 0] 6148 : iter_speed 9.48 seconds per iteration | Loss: 1.2052
[09-16 14:46:19|INFO|cosmos_framework/callbacks/iter_speed.py:75:every_n_impl] [RANK 0] 6149 : iter_speed 9.47 seconds per iteration | Loss: 1.5341
[09-16 14:46:29|INFO|cosmos_framework/callbacks/iter_speed.py:75:every_n_impl] [RANK 0] 6150 : iter_speed 9.47 seconds per iteration | Loss: 1.4953
[09-16 14:46:38|INFO|cosmos_framework/callbacks/grad_clip.py:325:on_before_optimizer_step] [RANK 1] clip_grad_norm/video/global: 0.66406 (iteration 6150)
[09-16 14:46:38|INFO|cosmos_framework/callbacks/grad_clip.py:325:on_before_optimizer_step] [RANK 0] clip_grad_norm/video/global: 0.66406 (iteration 6150)
[09-16 14:46:38|INFO|cosmos_framework/callbacks/iter_speed.py:75:every_n_impl] [RANK 0] 6151 : iter_speed 9.48 seconds per iteration | Loss: 1.0504
[09-16 14:46:48|INFO|cosmos_framework/callbacks/iter_speed.py:75:every_n_impl] [RANK 0] 6152 : iter_speed 9.49 seconds per iteration | Loss: 1.2816
[09-16 14:46:57|INFO|cosmos_framework/callbacks/iter_speed.py:75:every_n_impl] [RANK 0] 6153 : iter_speed 9.49 seconds per iteration | Loss: 1.4526
[09-16 14:47:07|INFO|cosmos_framework/callbacks/iter_speed.py:75:every_n_impl] [RANK 0] 6154 : iter_speed 9.48 seconds per iteration | Loss: 1.0301
[09-16 14:47:16|INFO|cosmos_framework/callbacks/iter_speed.py:75:every_n_impl] [RANK 0] 6155 : iter_speed 9.48 seconds per iteration | Loss: 1.1070
[09-16 14:47:26|INFO|cosmos_framework/callbacks/iter_speed.py:75:every_n_impl] [RANK 0] 6156 : iter_speed 9.47 seconds per iteration | Loss: 1.1364
[09-16 14:47:35|INFO|cosmos_framework/callbacks/iter_speed.py:75:every_n_impl] [RANK 0] 6157 : iter_speed 9.47 seconds per iteration | Loss: 1.6018
[09-16 14:47:45|INFO|cosmos_framework/callbacks/iter_speed.py:75:every_n_impl] [RANK 0] 6158 : iter_speed 9.48 seconds per iteration | Loss: 1.1123
[09-16 14:47:54|INFO|cosmos_framework/callbacks/iter_speed.py:75:every_n_impl] [RANK 0] 6159 : iter_speed 9.47 seconds per iteration | Loss: 1.1846
[09-16 14:48:04|INFO|cosmos_framework/callbacks/iter_speed.py:75:every_n_impl] [RANK 0] 6160 : iter_speed 9.47 seconds per iteration | Loss: 1.2852
[09-16 14:48:13|INFO|cosmos_framework/callbacks/grad_clip.py:325:on_before_optimizer_step] [RANK 0] clip_grad_norm/video/global: 0.61719 (iteration 6160)
[09-16 14:48:13|INFO|cosmos_framework/callbacks/grad_clip.py:325:on_before_optimizer_step] [RANK 1] clip_grad_norm/video/global: 0.61719 (iteration 6160)
[09-16 14:48:13|INFO|cosmos_framework/callbacks/iter_speed.py:75:every_n_impl] [RANK 0] 6161 : iter_speed 9.48 seconds per iteration | Loss: 1.2380
[09-16 14:48:23|INFO|cosmos_framework/callbacks/iter_speed.py:75:every_n_impl] [RANK 0] 6162 : iter_speed 9.48 seconds per iteration | Loss: 1.4797
[09-16 14:48:32|INFO|cosmos_framework/callbacks/iter_speed.py:75:every_n_impl] [RANK 0] 6163 : iter_speed 9.48 seconds per iteration | Loss: 1.2000
[09-16 14:48:42|INFO|cosmos_framework/callbacks/iter_speed.py:75:every_n_impl] [RANK 0] 6164 : iter_speed 9.48 seconds per iteration | Loss: 1.3665
[09-16 14:48:51|INFO|cosmos_framework/callbacks/iter_speed.py:75:every_n_impl] [RANK 0] 6165 : iter_speed 9.48 seconds per iteration | Loss: 1.1091
[09-16 14:49:01|INFO|cosmos_framework/callbacks/iter_speed.py:75:every_n_impl] [RANK 0] 6166 : iter_speed 9.48 seconds per iteration | Loss: 1.0164
[09-16 14:49:10|INFO|cosmos_framework/callbacks/iter_speed.py:75:every_n_impl] [RANK 0] 6167 : iter_speed 9.48 seconds per iteration | Loss: 1.2627
[09-16 14:49:20|INFO|cosmos_framework/callbacks/iter_speed.py:75:every_n_impl] [RANK 0] 6168 : iter_speed 9.48 seconds per iteration | Loss: 1.2711
[09-16 14:49:29|INFO|cosmos_framework/callbacks/iter_speed.py:75:every_n_impl] [RANK 0] 6169 : iter_speed 9.48 seconds per iteration | Loss: 1.0656
[09-16 14:49:38|INFO|cosmos_framework/callbacks/iter_speed.py:75:every_n_impl] [RANK 0] 6170 : iter_speed 9.47 seconds per iteration | Loss: 1.0807
[09-16 14:49:48|INFO|cosmos_framework/callbacks/grad_clip.py:325:on_before_optimizer_step] [RANK 0] clip_grad_norm/video/global: 0.53906 (iteration 6170)
[09-16 14:49:48|INFO|cosmos_framework/callbacks/grad_clip.py:325:on_before_optimizer_step] [RANK 1] clip_grad_norm/video/global: 0.53906 (iteration 6170)
[09-16 14:49:48|INFO|cosmos_framework/callbacks/iter_speed.py:75:every_n_impl] [RANK 0] 6171 : iter_speed 9.47 seconds per iteration | Loss: 1.2413
[09-16 14:49:57|INFO|cosmos_framework/callbacks/iter_speed.py:75:every_n_impl] [RANK 0] 6172 : iter_speed 9.48 seconds per iteration | Loss: 1.1972
[09-16 14:50:07|INFO|cosmos_framework/callbacks/iter_speed.py:75:every_n_impl] [RANK 0] 6173 : iter_speed 9.49 seconds per iteration | Loss: 0.9707
[09-16 14:50:16|INFO|cosmos_framework/callbacks/iter_speed.py:75:every_n_impl] [RANK 0] 6174 : iter_speed 9.48 seconds per iteration | Loss: 1.3130
[09-16 14:50:26|INFO|cosmos_framework/callbacks/iter_speed.py:75:every_n_impl] [RANK 0] 6175 : iter_speed 9.47 seconds per iteration | Loss: 1.3964
[09-16 14:50:35|INFO|cosmos_framework/callbacks/iter_speed.py:75:every_n_impl] [RANK 0] 6176 : iter_speed 9.48 seconds per iteration | Loss: 1.1823
[09-16 14:50:45|INFO|cosmos_framework/callbacks/iter_speed.py:75:every_n_impl] [RANK 0] 6177 : iter_speed 9.49 seconds per iteration | Loss: 1.0748
[09-16 14:50:54|INFO|cosmos_framework/callbacks/iter_speed.py:75:every_n_impl] [RANK 0] 6178 : iter_speed 9.47 seconds per iteration | Loss: 1.0823
[09-16 14:51:04|INFO|cosmos_framework/callbacks/iter_speed.py:75:every_n_impl] [RANK 0] 6179 : iter_speed 9.48 seconds per iteration | Loss: 1.0072
[09-16 14:51:13|INFO|cosmos_framework/callbacks/iter_speed.py:75:every_n_impl] [RANK 0] 6180 : iter_speed 9.49 seconds per iteration | Loss: 0.9721
[09-16 14:51:23|INFO|cosmos_framework/callbacks/grad_clip.py:325:on_before_optimizer_step] [RANK 1] clip_grad_norm/video/global: 0.51953 (iteration 6180)
[09-16 14:51:23|INFO|cosmos_framework/callbacks/grad_clip.py:325:on_before_optimizer_step] [RANK 0] clip_grad_norm/video/global: 0.51953 (iteration 6180)
[09-16 14:51:23|INFO|cosmos_framework/callbacks/iter_speed.py:75:every_n_impl] [RANK 0] 6181 : iter_speed 9.49 seconds per iteration | Loss: 0.9898
[09-16 14:51:32|INFO|cosmos_framework/callbacks/iter_speed.py:75:every_n_impl] [RANK 0] 6182 : iter_speed 9.48 seconds per iteration | Loss: 1.0733
[09-16 14:51:42|INFO|cosmos_framework/callbacks/iter_speed.py:75:every_n_impl] [RANK 0] 6183 : iter_speed 9.49 seconds per iteration | Loss: 1.5708
[09-16 14:51:51|INFO|cosmos_framework/callbacks/iter_speed.py:75:every_n_impl] [RANK 0] 6184 : iter_speed 9.49 seconds per iteration | Loss: 1.0271
[09-16 14:52:01|INFO|cosmos_framework/callbacks/iter_speed.py:75:every_n_impl] [RANK 0] 6185 : iter_speed 9.49 seconds per iteration | Loss: 0.9842
[09-16 14:52:10|INFO|cosmos_framework/callbacks/iter_speed.py:75:every_n_impl] [RANK 0] 6186 : iter_speed 9.48 seconds per iteration | Loss: 0.9825
[09-16 14:52:20|INFO|cosmos_framework/callbacks/iter_speed.py:75:every_n_impl] [RANK 0] 6187 : iter_speed 9.48 seconds per iteration | Loss: 1.1542
[09-16 14:52:29|INFO|cosmos_framework/callbacks/iter_speed.py:75:every_n_impl] [RANK 0] 6188 : iter_speed 9.48 seconds per iteration | Loss: 1.4612
[09-16 14:52:39|INFO|cosmos_framework/callbacks/iter_speed.py:75:every_n_impl] [RANK 0] 6189 : iter_speed 9.49 seconds per iteration | Loss: 1.0785
[09-16 14:52:48|INFO|cosmos_framework/callbacks/iter_speed.py:75:every_n_impl] [RANK 0] 6190 : iter_speed 9.48 seconds per iteration | Loss: 1.1014
[09-16 14:52:58|INFO|cosmos_framework/callbacks/grad_clip.py:325:on_before_optimizer_step] [RANK 1] clip_grad_norm/video/global: 0.58984 (iteration 6190)
[09-16 14:52:58|INFO|cosmos_framework/callbacks/grad_clip.py:325:on_before_optimizer_step] [RANK 0] clip_grad_norm/video/global: 0.58984 (iteration 6190)
[09-16 14:52:58|INFO|cosmos_framework/callbacks/iter_speed.py:75:every_n_impl] [RANK 0] 6191 : iter_speed 9.49 seconds per iteration | Loss: 1.1288
[09-16 14:53:07|INFO|cosmos_framework/callbacks/iter_speed.py:75:every_n_impl] [RANK 0] 6192 : iter_speed 9.48 seconds per iteration | Loss: 1.2352
[09-16 14:53:17|INFO|cosmos_framework/callbacks/iter_speed.py:75:every_n_impl] [RANK 0] 6193 : iter_speed 9.48 seconds per iteration | Loss: 1.1801
[09-16 14:53:26|INFO|cosmos_framework/callbacks/iter_speed.py:75:every_n_impl] [RANK 0] 6194 : iter_speed 9.48 seconds per iteration | Loss: 1.2313
[09-16 14:53:36|INFO|cosmos_framework/callbacks/iter_speed.py:75:every_n_impl] [RANK 0] 6195 : iter_speed 9.48 seconds per iteration | Loss: 1.0415
[09-16 14:53:45|INFO|cosmos_framework/callbacks/iter_speed.py:75:every_n_impl] [RANK 0] 6196 : iter_speed 9.49 seconds per iteration | Loss: 1.1152
[09-16 14:53:55|INFO|cosmos_framework/callbacks/iter_speed.py:75:every_n_impl] [RANK 0] 6197 : iter_speed 9.48 seconds per iteration | Loss: 1.1798
[09-16 14:54:04|INFO|cosmos_framework/callbacks/iter_speed.py:75:every_n_impl] [RANK 0] 6198 : iter_speed 9.48 seconds per iteration | Loss: 1.6486
[09-16 14:54:13|INFO|cosmos_framework/callbacks/iter_speed.py:75:every_n_impl] [RANK 0] 6199 : iter_speed 9.48 seconds per iteration | Loss: 1.0391
[09-16 14:54:23|INFO|cosmos_framework/callbacks/iter_speed.py:75:every_n_impl] [RANK 0] 6200 : iter_speed 9.48 seconds per iteration | Loss: 1.1047
[09-16 14:54:23|INFO|cosmos_framework/callbacks/device_monitor.py:174:every_n_impl] DeviceMonitor Stats:
                                    Avg            Max            Min
cpu_mem_gb                    29.895092      30.470089      29.320095
peak_gpu_mem_gb               24.092749      24.093529      24.091969
peak_gpu_mem_reserved_gb      26.237305      26.267578      26.207031
nvml_used_gpu_mem_gb          28.152649      28.182922      28.122375
nvml_free_gpu_mem_gb          67.440125      67.470398      67.409851
temp                          74.500000      75.000000      74.000000
power                     572484.500000  574016.000000  570953.000000
util                         100.000000     100.000000     100.000000
clock                       2403.500000    2407.000000    2400.000000
/home/<brev-user>/cosmos-framework/.venv/lib/python3.13/site-packages/torch/distributed/c10d_logger.py:83: UserWarning: barrier(): using the device under current context. You can specify `device_id` in `init_process_group` to mute this warning.
  return func(*args, **kwargs)
[09-16 14:54:32|INFO|cosmos_framework/callbacks/grad_clip.py:325:on_before_optimizer_step] [RANK 0] clip_grad_norm/video/global: 0.55469 (iteration 6200)
[09-16 14:54:32|INFO|cosmos_framework/callbacks/grad_clip.py:325:on_before_optimizer_step] [RANK 1] clip_grad_norm/video/global: 0.55469 (iteration 6200)
[09-16 14:54:32|INFO|cosmos_framework/callbacks/iter_speed.py:75:every_n_impl] [RANK 0] 6201 : iter_speed 9.50 seconds per iteration | Loss: 1.1205
[09-16 14:54:42|INFO|cosmos_framework/callbacks/iter_speed.py:75:every_n_impl] [RANK 0] 6202 : iter_speed 9.48 seconds per iteration | Loss: 1.1536
[09-16 14:54:51|INFO|cosmos_framework/callbacks/iter_speed.py:75:every_n_impl] [RANK 0] 6203 : iter_speed 9.48 seconds per iteration | Loss: 1.2640
[09-16 14:55:01|INFO|cosmos_framework/callbacks/iter_speed.py:75:every_n_impl] [RANK 0] 6204 : iter_speed 9.48 seconds per iteration | Loss: 1.2857
[09-16 14:55:10|INFO|cosmos_framework/callbacks/iter_speed.py:75:every_n_impl] [RANK 0] 6205 : iter_speed 9.48 seconds per iteration | Loss: 1.2982
[09-16 14:55:20|INFO|cosmos_framework/callbacks/iter_speed.py:75:every_n_impl] [RANK 0] 6206 : iter_speed 9.48 seconds per iteration | Loss: 1.7472
[09-16 14:55:29|INFO|cosmos_framework/callbacks/iter_speed.py:75:every_n_impl] [RANK 0] 6207 : iter_speed 9.48 seconds per iteration | Loss: 1.0826
[09-16 14:55:39|INFO|cosmos_framework/callbacks/iter_speed.py:75:every_n_impl] [RANK 0] 6208 : iter_speed 9.49 seconds per iteration | Loss: 1.3447
[09-16 14:55:48|INFO|cosmos_framework/callbacks/iter_speed.py:75:every_n_impl] [RANK 0] 6209 : iter_speed 9.48 seconds per iteration | Loss: 1.3209
[09-16 14:55:58|INFO|cosmos_framework/callbacks/iter_speed.py:75:every_n_impl] [RANK 0] 6210 : iter_speed 9.49 seconds per iteration | Loss: 1.2566
[09-16 14:56:07|INFO|cosmos_framework/callbacks/grad_clip.py:325:on_before_optimizer_step] [RANK 1] clip_grad_norm/video/global: 0.53516 (iteration 6210)
[09-16 14:56:07|INFO|cosmos_framework/callbacks/grad_clip.py:325:on_before_optimizer_step] [RANK 0] clip_grad_norm/video/global: 0.53516 (iteration 6210)
[09-16 14:56:07|INFO|cosmos_framework/callbacks/iter_speed.py:75:every_n_impl] [RANK 0] 6211 : iter_speed 9.49 seconds per iteration | Loss: 1.3100
[09-16 14:56:17|INFO|cosmos_framework/callbacks/iter_speed.py:75:every_n_impl] [RANK 0] 6212 : iter_speed 9.49 seconds per iteration | Loss: 1.1767
[09-16 14:56:26|INFO|cosmos_framework/callbacks/iter_speed.py:75:every_n_impl] [RANK 0] 6213 : iter_speed 9.48 seconds per iteration | Loss: 1.3667
[09-16 14:56:36|INFO|cosmos_framework/callbacks/iter_speed.py:75:every_n_impl] [RANK 0] 6214 : iter_speed 9.49 seconds per iteration | Loss: 1.2373
[09-16 14:56:45|INFO|cosmos_framework/callbacks/iter_speed.py:75:every_n_impl] [RANK 0] 6215 : iter_speed 9.48 seconds per iteration | Loss: 1.5059
[09-16 14:56:55|INFO|cosmos_framework/callbacks/iter_speed.py:75:every_n_impl] [RANK 0] 6216 : iter_speed 9.48 seconds per iteration | Loss: 1.5659
[09-16 14:57:04|INFO|cosmos_framework/callbacks/iter_speed.py:75:every_n_impl] [RANK 0] 6217 : iter_speed 9.48 seconds per iteration | Loss: 1.1213
[09-16 14:57:14|INFO|cosmos_framework/callbacks/iter_speed.py:75:every_n_impl] [RANK 0] 6218 : iter_speed 9.48 seconds per iteration | Loss: 1.1675
[09-16 14:57:23|INFO|cosmos_framework/callbacks/iter_speed.py:75:every_n_impl] [RANK 0] 6219 : iter_speed 9.49 seconds per iteration | Loss: 1.1707
[09-16 14:57:33|INFO|cosmos_framework/callbacks/iter_speed.py:75:every_n_impl] [RANK 0] 6220 : iter_speed 9.48 seconds per iteration | Loss: 1.1379
[09-16 14:57:42|INFO|cosmos_framework/callbacks/grad_clip.py:325:on_before_optimizer_step] [RANK 0] clip_grad_norm/video/global: 0.46289 (iteration 6220)
[09-16 14:57:42|INFO|cosmos_framework/callbacks/grad_clip.py:325:on_before_optimizer_step] [RANK 1] clip_grad_norm/video/global: 0.46289 (iteration 6220)
[09-16 14:57:42|INFO|cosmos_framework/callbacks/iter_speed.py:75:every_n_impl] [RANK 0] 6221 : iter_speed 9.50 seconds per iteration | Loss: 1.2440
[09-16 14:57:52|INFO|cosmos_framework/callbacks/iter_speed.py:75:every_n_impl] [RANK 0] 6222 : iter_speed 9.48 seconds per iteration | Loss: 1.4114
[09-16 14:58:01|INFO|cosmos_framework/callbacks/iter_speed.py:75:every_n_impl] [RANK 0] 6223 : iter_speed 9.48 seconds per iteration | Loss: 1.4286
[09-16 14:58:11|INFO|cosmos_framework/callbacks/iter_speed.py:75:every_n_impl] [RANK 0] 6224 : iter_speed 9.48 seconds per iteration | Loss: 1.4582
[09-16 14:58:20|INFO|cosmos_framework/callbacks/iter_speed.py:75:every_n_impl] [RANK 0] 6225 : iter_speed 9.49 seconds per iteration | Loss: 1.4249
[09-16 14:58:30|INFO|cosmos_framework/callbacks/iter_speed.py:75:every_n_impl] [RANK 0] 6226 : iter_speed 9.48 seconds per iteration | Loss: 1.3084
[09-16 14:58:39|INFO|cosmos_framework/callbacks/iter_speed.py:75:every_n_impl] [RANK 0] 6227 : iter_speed 9.49 seconds per iteration | Loss: 1.8223
[09-16 14:58:49|INFO|cosmos_framework/callbacks/iter_speed.py:75:every_n_impl] [RANK 0] 6228 : iter_speed 9.49 seconds per iteration | Loss: 1.3275
[09-16 14:58:58|INFO|cosmos_framework/callbacks/iter_speed.py:75:every_n_impl] [RANK 0] 6229 : iter_speed 9.48 seconds per iteration | Loss: 1.5929
[09-16 14:59:07|INFO|cosmos_framework/callbacks/iter_speed.py:75:every_n_impl] [RANK 0] 6230 : iter_speed 9.48 seconds per iteration | Loss: 1.2414
[09-16 14:59:17|INFO|cosmos_framework/callbacks/grad_clip.py:325:on_before_optimizer_step] [RANK 1] clip_grad_norm/video/global: 0.55078 (iteration 6230)
[09-16 14:59:17|INFO|cosmos_framework/callbacks/grad_clip.py:325:on_before_optimizer_step] [RANK 0] clip_grad_norm/video/global: 0.55078 (iteration 6230)
[09-16 14:59:17|INFO|cosmos_framework/callbacks/iter_speed.py:75:every_n_impl] [RANK 0] 6231 : iter_speed 9.49 seconds per iteration | Loss: 1.2894
[09-16 14:59:26|INFO|cosmos_framework/callbacks/iter_speed.py:75:every_n_impl] [RANK 0] 6232 : iter_speed 9.49 seconds per iteration | Loss: 1.5286
[09-16 14:59:36|INFO|cosmos_framework/callbacks/iter_speed.py:75:every_n_impl] [RANK 0] 6233 : iter_speed 9.49 seconds per iteration | Loss: 1.3174
[09-16 14:59:45|INFO|cosmos_framework/callbacks/iter_speed.py:75:every_n_impl] [RANK 0] 6234 : iter_speed 9.48 seconds per iteration | Loss: 1.2453
[09-16 14:59:55|INFO|cosmos_framework/callbacks/iter_speed.py:75:every_n_impl] [RANK 0] 6235 : iter_speed 9.48 seconds per iteration | Loss: 1.1097
[09-16 15:00:04|INFO|cosmos_framework/callbacks/iter_speed.py:75:every_n_impl] [RANK 0] 6236 : iter_speed 9.49 seconds per iteration | Loss: 1.2827
[09-16 15:00:14|INFO|cosmos_framework/callbacks/iter_speed.py:75:every_n_impl] [RANK 0] 6237 : iter_speed 9.48 seconds per iteration | Loss: 1.7585
[09-16 15:00:23|INFO|cosmos_framework/callbacks/iter_speed.py:75:every_n_impl] [RANK 0] 6238 : iter_speed 9.48 seconds per iteration | Loss: 1.1628
[09-16 15:00:33|INFO|cosmos_framework/callbacks/iter_speed.py:75:every_n_impl] [RANK 0] 6239 : iter_speed 9.48 seconds per iteration | Loss: 1.0867
[09-16 15:00:42|INFO|cosmos_framework/callbacks/iter_speed.py:75:every_n_impl] [RANK 0] 6240 : iter_speed 9.49 seconds per iteration | Loss: 1.3369
[09-16 15:00:52|INFO|cosmos_framework/callbacks/grad_clip.py:325:on_before_optimizer_step] [RANK 1] clip_grad_norm/video/global: 0.48438 (iteration 6240)
[09-16 15:00:52|INFO|cosmos_framework/callbacks/grad_clip.py:325:on_before_optimizer_step] [RANK 0] clip_grad_norm/video/global: 0.48438 (iteration 6240)
[09-16 15:00:52|INFO|cosmos_framework/callbacks/iter_speed.py:75:every_n_impl] [RANK 0] 6241 : iter_speed 9.49 seconds per iteration | Loss: 1.2682
[09-16 15:01:01|INFO|cosmos_framework/callbacks/iter_speed.py:75:every_n_impl] [RANK 0] 6242 : iter_speed 9.49 seconds per iteration | Loss: 1.1740
[09-16 15:01:11|INFO|cosmos_framework/callbacks/iter_speed.py:75:every_n_impl] [RANK 0] 6243 : iter_speed 9.49 seconds per iteration | Loss: 1.3192
[09-16 15:01:20|INFO|cosmos_framework/callbacks/iter_speed.py:75:every_n_impl] [RANK 0] 6244 : iter_speed 9.48 seconds per iteration | Loss: 1.2213
[09-16 15:01:30|INFO|cosmos_framework/callbacks/iter_speed.py:75:every_n_impl] [RANK 0] 6245 : iter_speed 9.49 seconds per iteration | Loss: 1.2018
[09-16 15:01:39|INFO|cosmos_framework/callbacks/iter_speed.py:75:every_n_impl] [RANK 0] 6246 : iter_speed 9.48 seconds per iteration | Loss: 1.4222
[09-16 15:01:49|INFO|cosmos_framework/callbacks/iter_speed.py:75:every_n_impl] [RANK 0] 6247 : iter_speed 9.48 seconds per iteration | Loss: 1.2723
[09-16 15:01:58|INFO|cosmos_framework/callbacks/iter_speed.py:75:every_n_impl] [RANK 0] 6248 : iter_speed 9.48 seconds per iteration | Loss: 1.3248
[09-16 15:02:08|INFO|cosmos_framework/callbacks/iter_speed.py:75:every_n_impl] [RANK 0] 6249 : iter_speed 9.47 seconds per iteration | Loss: 1.3644
[09-16 15:02:17|INFO|cosmos_framework/callbacks/iter_speed.py:75:every_n_impl] [RANK 0] 6250 : iter_speed 9.49 seconds per iteration | Loss: 1.2372
[09-16 15:02:27|INFO|cosmos_framework/callbacks/grad_clip.py:325:on_before_optimizer_step] [RANK 1] clip_grad_norm/video/global: 0.57031 (iteration 6250)
[09-16 15:02:27|INFO|cosmos_framework/callbacks/grad_clip.py:325:on_before_optimizer_step] [RANK 0] clip_grad_norm/video/global: 0.57031 (iteration 6250)
[09-16 15:02:27|INFO|cosmos_framework/callbacks/iter_speed.py:75:every_n_impl] [RANK 0] 6251 : iter_speed 9.47 seconds per iteration | Loss: 1.6927
[09-16 15:02:36|INFO|cosmos_framework/callbacks/iter_speed.py:75:every_n_impl] [RANK 0] 6252 : iter_speed 9.47 seconds per iteration | Loss: 1.2134
[09-16 15:02:46|INFO|cosmos_framework/callbacks/iter_speed.py:75:every_n_impl] [RANK 0] 6253 : iter_speed 9.49 seconds per iteration | Loss: 1.1873
[09-16 15:02:55|INFO|cosmos_framework/callbacks/iter_speed.py:75:every_n_impl] [RANK 0] 6254 : iter_speed 9.49 seconds per iteration | Loss: 1.7249
[09-16 15:03:05|INFO|cosmos_framework/callbacks/iter_speed.py:75:every_n_impl] [RANK 0] 6255 : iter_speed 9.48 seconds per iteration | Loss: 1.2877
[09-16 15:03:14|INFO|cosmos_framework/callbacks/iter_speed.py:75:every_n_impl] [RANK 0] 6256 : iter_speed 9.48 seconds per iteration | Loss: 1.5305
[09-16 15:03:23|INFO|cosmos_framework/callbacks/iter_speed.py:75:every_n_impl] [RANK 0] 6257 : iter_speed 9.48 seconds per iteration | Loss: 1.7471
[09-16 15:03:33|INFO|cosmos_framework/callbacks/iter_speed.py:75:every_n_impl] [RANK 0] 6258 : iter_speed 9.48 seconds per iteration | Loss: 1.4461
[09-16 15:03:42|INFO|cosmos_framework/callbacks/iter_speed.py:75:every_n_impl] [RANK 0] 6259 : iter_speed 9.47 seconds per iteration | Loss: 1.2654
[09-16 15:03:52|INFO|cosmos_framework/callbacks/iter_speed.py:75:every_n_impl] [RANK 0] 6260 : iter_speed 9.48 seconds per iteration | Loss: 1.2130
[09-16 15:04:01|INFO|cosmos_framework/callbacks/grad_clip.py:325:on_before_optimizer_step] [RANK 1] clip_grad_norm/video/global: 0.54688 (iteration 6260)
[09-16 15:04:01|INFO|cosmos_framework/callbacks/grad_clip.py:325:on_before_optimizer_step] [RANK 0] clip_grad_norm/video/global: 0.54688 (iteration 6260)
[09-16 15:04:01|INFO|cosmos_framework/callbacks/iter_speed.py:75:every_n_impl] [RANK 0] 6261 : iter_speed 9.49 seconds per iteration | Loss: 1.6008
[09-16 15:04:11|INFO|cosmos_framework/callbacks/iter_speed.py:75:every_n_impl] [RANK 0] 6262 : iter_speed 9.48 seconds per iteration | Loss: 1.2234
[09-16 15:04:20|INFO|cosmos_framework/callbacks/iter_speed.py:75:every_n_impl] [RANK 0] 6263 : iter_speed 9.48 seconds per iteration | Loss: 1.2594
[09-16 15:04:30|INFO|cosmos_framework/callbacks/iter_speed.py:75:every_n_impl] [RANK 0] 6264 : iter_speed 9.47 seconds per iteration | Loss: 1.0742
[09-16 15:04:39|INFO|cosmos_framework/callbacks/iter_speed.py:75:every_n_impl] [RANK 0] 6265 : iter_speed 9.48 seconds per iteration | Loss: 1.0701
[09-16 15:04:49|INFO|cosmos_framework/callbacks/iter_speed.py:75:every_n_impl] [RANK 0] 6266 : iter_speed 9.49 seconds per iteration | Loss: 1.2389
[09-16 15:04:58|INFO|cosmos_framework/callbacks/iter_speed.py:75:every_n_impl] [RANK 0] 6267 : iter_speed 9.49 seconds per iteration | Loss: 1.0499
[09-16 15:05:08|INFO|cosmos_framework/callbacks/iter_speed.py:75:every_n_impl] [RANK 0] 6268 : iter_speed 9.48 seconds per iteration | Loss: 1.1552
[09-16 15:05:17|INFO|cosmos_framework/callbacks/iter_speed.py:75:every_n_impl] [RANK 0] 6269 : iter_speed 9.50 seconds per iteration | Loss: 1.0562
[09-16 15:05:27|INFO|cosmos_framework/callbacks/iter_speed.py:75:every_n_impl] [RANK 0] 6270 : iter_speed 9.50 seconds per iteration | Loss: 1.2763
[09-16 15:05:36|INFO|cosmos_framework/callbacks/grad_clip.py:325:on_before_optimizer_step] [RANK 0] clip_grad_norm/video/global: 0.64453 (iteration 6270)
[09-16 15:05:36|INFO|cosmos_framework/callbacks/grad_clip.py:325:on_before_optimizer_step] [RANK 1] clip_grad_norm/video/global: 0.64453 (iteration 6270)
[09-16 15:05:36|INFO|cosmos_framework/callbacks/iter_speed.py:75:every_n_impl] [RANK 0] 6271 : iter_speed 9.49 seconds per iteration | Loss: 0.9684
[09-16 15:05:46|INFO|cosmos_framework/callbacks/iter_speed.py:75:every_n_impl] [RANK 0] 6272 : iter_speed 9.48 seconds per iteration | Loss: 1.4783
[09-16 15:05:55|INFO|cosmos_framework/callbacks/iter_speed.py:75:every_n_impl] [RANK 0] 6273 : iter_speed 9.48 seconds per iteration | Loss: 0.9453
[09-16 15:06:05|INFO|cosmos_framework/callbacks/iter_speed.py:75:every_n_impl] [RANK 0] 6274 : iter_speed 9.49 seconds per iteration | Loss: 1.0993
[09-16 15:06:14|INFO|cosmos_framework/callbacks/iter_speed.py:75:every_n_impl] [RANK 0] 6275 : iter_speed 9.49 seconds per iteration | Loss: 1.2733
[09-16 15:06:24|INFO|cosmos_framework/callbacks/iter_speed.py:75:every_n_impl] [RANK 0] 6276 : iter_speed 9.49 seconds per iteration | Loss: 1.0664
[09-16 15:06:33|INFO|cosmos_framework/callbacks/iter_speed.py:75:every_n_impl] [RANK 0] 6277 : iter_speed 9.48 seconds per iteration | Loss: 1.5731
[09-16 15:06:43|INFO|cosmos_framework/callbacks/iter_speed.py:75:every_n_impl] [RANK 0] 6278 : iter_speed 9.48 seconds per iteration | Loss: 1.2376
[09-16 15:06:52|INFO|cosmos_framework/callbacks/iter_speed.py:75:every_n_impl] [RANK 0] 6279 : iter_speed 9.49 seconds per iteration | Loss: 1.1715
[09-16 15:07:02|INFO|cosmos_framework/callbacks/iter_speed.py:75:every_n_impl] [RANK 0] 6280 : iter_speed 9.49 seconds per iteration | Loss: 1.8537
[09-16 15:07:11|INFO|cosmos_framework/callbacks/grad_clip.py:325:on_before_optimizer_step] [RANK 1] clip_grad_norm/video/global: 0.52344 (iteration 6280)
[09-16 15:07:11|INFO|cosmos_framework/callbacks/grad_clip.py:325:on_before_optimizer_step] [RANK 0] clip_grad_norm/video/global: 0.52344 (iteration 6280)
[09-16 15:07:11|INFO|cosmos_framework/callbacks/iter_speed.py:75:every_n_impl] [RANK 0] 6281 : iter_speed 9.50 seconds per iteration | Loss: 1.0409
[09-16 15:07:21|INFO|cosmos_framework/callbacks/iter_speed.py:75:every_n_impl] [RANK 0] 6282 : iter_speed 9.48 seconds per iteration | Loss: 0.9758
[09-16 15:07:30|INFO|cosmos_framework/callbacks/iter_speed.py:75:every_n_impl] [RANK 0] 6283 : iter_speed 9.49 seconds per iteration | Loss: 1.1894
[09-16 15:07:40|INFO|cosmos_framework/callbacks/iter_speed.py:75:every_n_impl] [RANK 0] 6284 : iter_speed 9.48 seconds per iteration | Loss: 1.2517
[09-16 15:07:49|INFO|cosmos_framework/callbacks/iter_speed.py:75:every_n_impl] [RANK 0] 6285 : iter_speed 9.48 seconds per iteration | Loss: 0.9968
[09-16 15:07:59|INFO|cosmos_framework/callbacks/iter_speed.py:75:every_n_impl] [RANK 0] 6286 : iter_speed 9.48 seconds per iteration | Loss: 1.0757
[09-16 15:08:08|INFO|cosmos_framework/callbacks/iter_speed.py:75:every_n_impl] [RANK 0] 6287 : iter_speed 9.48 seconds per iteration | Loss: 1.3853
[09-16 15:08:17|INFO|cosmos_framework/callbacks/iter_speed.py:75:every_n_impl] [RANK 0] 6288 : iter_speed 9.49 seconds per iteration | Loss: 0.9743
[09-16 15:08:27|INFO|cosmos_framework/callbacks/iter_speed.py:75:every_n_impl] [RANK 0] 6289 : iter_speed 9.50 seconds per iteration | Loss: 0.9560
[09-16 15:08:36|INFO|cosmos_framework/callbacks/iter_speed.py:75:every_n_impl] [RANK 0] 6290 : iter_speed 9.48 seconds per iteration | Loss: 1.0560
[09-16 15:08:46|INFO|cosmos_framework/callbacks/grad_clip.py:325:on_before_optimizer_step] [RANK 1] clip_grad_norm/video/global: 0.56250 (iteration 6290)
[09-16 15:08:46|INFO|cosmos_framework/callbacks/grad_clip.py:325:on_before_optimizer_step] [RANK 0] clip_grad_norm/video/global: 0.56250 (iteration 6290)
[09-16 15:08:46|INFO|cosmos_framework/callbacks/iter_speed.py:75:every_n_impl] [RANK 0] 6291 : iter_speed 9.49 seconds per iteration | Loss: 1.4074
[09-16 15:08:55|INFO|cosmos_framework/callbacks/iter_speed.py:75:every_n_impl] [RANK 0] 6292 : iter_speed 9.48 seconds per iteration | Loss: 1.1779
[09-16 15:09:05|INFO|cosmos_framework/callbacks/iter_speed.py:75:every_n_impl] [RANK 0] 6293 : iter_speed 9.48 seconds per iteration | Loss: 1.0992
[09-16 15:09:14|INFO|cosmos_framework/callbacks/iter_speed.py:75:every_n_impl] [RANK 0] 6294 : iter_speed 9.48 seconds per iteration | Loss: 1.1648
[09-16 15:09:24|INFO|cosmos_framework/callbacks/iter_speed.py:75:every_n_impl] [RANK 0] 6295 : iter_speed 9.49 seconds per iteration | Loss: 0.9586
[09-16 15:09:33|INFO|cosmos_framework/callbacks/iter_speed.py:75:every_n_impl] [RANK 0] 6296 : iter_speed 9.47 seconds per iteration | Loss: 1.0981
[09-16 15:09:43|INFO|cosmos_framework/callbacks/iter_speed.py:75:every_n_impl] [RANK 0] 6297 : iter_speed 9.47 seconds per iteration | Loss: 1.1819
[09-16 15:09:52|INFO|cosmos_framework/callbacks/iter_speed.py:75:every_n_impl] [RANK 0] 6298 : iter_speed 9.48 seconds per iteration | Loss: 1.1898
[09-16 15:10:02|INFO|cosmos_framework/callbacks/iter_speed.py:75:every_n_impl] [RANK 0] 6299 : iter_speed 9.49 seconds per iteration | Loss: 2.2954
[09-16 15:10:11|INFO|cosmos_framework/callbacks/iter_speed.py:75:every_n_impl] [RANK 0] 6300 : iter_speed 9.48 seconds per iteration | Loss: 1.0689
[09-16 15:10:21|INFO|cosmos_framework/callbacks/grad_clip.py:325:on_before_optimizer_step] [RANK 1] clip_grad_norm/video/global: 0.55859 (iteration 6300)
[09-16 15:10:21|INFO|cosmos_framework/callbacks/grad_clip.py:325:on_before_optimizer_step] [RANK 0] clip_grad_norm/video/global: 0.55859 (iteration 6300)
[09-16 15:10:21|INFO|cosmos_framework/callbacks/iter_speed.py:75:every_n_impl] [RANK 0] 6301 : iter_speed 9.49 seconds per iteration | Loss: 1.4658
[09-16 15:10:30|INFO|cosmos_framework/callbacks/iter_speed.py:75:every_n_impl] [RANK 0] 6302 : iter_speed 9.48 seconds per iteration | Loss: 1.3382
[09-16 15:10:40|INFO|cosmos_framework/callbacks/iter_speed.py:75:every_n_impl] [RANK 0] 6303 : iter_speed 9.48 seconds per iteration | Loss: 1.4671
[09-16 15:10:49|INFO|cosmos_framework/callbacks/iter_speed.py:75:every_n_impl] [RANK 0] 6304 : iter_speed 9.48 seconds per iteration | Loss: 1.9377
[09-16 15:10:59|INFO|cosmos_framework/callbacks/iter_speed.py:75:every_n_impl] [RANK 0] 6305 : iter_speed 9.48 seconds per iteration | Loss: 1.1838
[09-16 15:11:08|INFO|cosmos_framework/callbacks/iter_speed.py:75:every_n_impl] [RANK 0] 6306 : iter_speed 9.49 seconds per iteration | Loss: 1.3764
[09-16 15:11:18|INFO|cosmos_framework/callbacks/iter_speed.py:75:every_n_impl] [RANK 0] 6307 : iter_speed 9.49 seconds per iteration | Loss: 1.3263
[09-16 15:11:27|INFO|cosmos_framework/callbacks/iter_speed.py:75:every_n_impl] [RANK 0] 6308 : iter_speed 9.48 seconds per iteration | Loss: 1.5515
[09-16 15:11:37|INFO|cosmos_framework/callbacks/iter_speed.py:75:every_n_impl] [RANK 0] 6309 : iter_speed 9.48 seconds per iteration | Loss: 1.6588
[09-16 15:11:46|INFO|cosmos_framework/callbacks/iter_speed.py:75:every_n_impl] [RANK 0] 6310 : iter_speed 9.48 seconds per iteration | Loss: 1.0996
[09-16 15:11:56|INFO|cosmos_framework/callbacks/grad_clip.py:325:on_before_optimizer_step] [RANK 1] clip_grad_norm/video/global: 0.64062 (iteration 6310)
[09-16 15:11:56|INFO|cosmos_framework/callbacks/grad_clip.py:325:on_before_optimizer_step] [RANK 0] clip_grad_norm/video/global: 0.64062 (iteration 6310)
[09-16 15:11:56|INFO|cosmos_framework/callbacks/iter_speed.py:75:every_n_impl] [RANK 0] 6311 : iter_speed 9.48 seconds per iteration | Loss: 1.1749
[09-16 15:12:05|INFO|cosmos_framework/callbacks/iter_speed.py:75:every_n_impl] [RANK 0] 6312 : iter_speed 9.48 seconds per iteration | Loss: 1.4932
[09-16 15:12:15|INFO|cosmos_framework/callbacks/iter_speed.py:75:every_n_impl] [RANK 0] 6313 : iter_speed 9.48 seconds per iteration | Loss: 1.6078
[09-16 15:12:24|INFO|cosmos_framework/callbacks/iter_speed.py:75:every_n_impl] [RANK 0] 6314 : iter_speed 9.48 seconds per iteration | Loss: 1.1845
[09-16 15:12:34|INFO|cosmos_framework/callbacks/iter_speed.py:75:every_n_impl] [RANK 0] 6315 : iter_speed 9.49 seconds per iteration | Loss: 1.2869
[09-16 15:12:43|INFO|cosmos_framework/callbacks/iter_speed.py:75:every_n_impl] [RANK 0] 6316 : iter_speed 9.48 seconds per iteration | Loss: 1.1069
[09-16 15:12:52|INFO|cosmos_framework/callbacks/iter_speed.py:75:every_n_impl] [RANK 0] 6317 : iter_speed 9.48 seconds per iteration | Loss: 1.0247
[09-16 15:13:02|INFO|cosmos_framework/callbacks/iter_speed.py:75:every_n_impl] [RANK 0] 6318 : iter_speed 9.49 seconds per iteration | Loss: 1.0408
[09-16 15:13:11|INFO|cosmos_framework/callbacks/iter_speed.py:75:every_n_impl] [RANK 0] 6319 : iter_speed 9.48 seconds per iteration | Loss: 1.7215
[09-16 15:13:21|INFO|cosmos_framework/callbacks/iter_speed.py:75:every_n_impl] [RANK 0] 6320 : iter_speed 9.48 seconds per iteration | Loss: 1.3642
[09-16 15:13:30|INFO|cosmos_framework/callbacks/grad_clip.py:325:on_before_optimizer_step] [RANK 0] clip_grad_norm/video/global: 0.57031 (iteration 6320)
[09-16 15:13:30|INFO|cosmos_framework/callbacks/grad_clip.py:325:on_before_optimizer_step] [RANK 1] clip_grad_norm/video/global: 0.57031 (iteration 6320)
[09-16 15:13:30|INFO|cosmos_framework/callbacks/iter_speed.py:75:every_n_impl] [RANK 0] 6321 : iter_speed 9.47 seconds per iteration | Loss: 1.0702
[09-16 15:13:40|INFO|cosmos_framework/callbacks/iter_speed.py:75:every_n_impl] [RANK 0] 6322 : iter_speed 9.47 seconds per iteration | Loss: 1.1373
[09-16 15:13:49|INFO|cosmos_framework/callbacks/iter_speed.py:75:every_n_impl] [RANK 0] 6323 : iter_speed 9.49 seconds per iteration | Loss: 1.0026
[09-16 15:13:59|INFO|cosmos_framework/callbacks/iter_speed.py:75:every_n_impl] [RANK 0] 6324 : iter_speed 9.48 seconds per iteration | Loss: 1.3605
[09-16 15:14:08|INFO|cosmos_framework/callbacks/iter_speed.py:75:every_n_impl] [RANK 0] 6325 : iter_speed 9.49 seconds per iteration | Loss: 1.1054
[09-16 15:14:18|INFO|cosmos_framework/callbacks/iter_speed.py:75:every_n_impl] [RANK 0] 6326 : iter_speed 9.48 seconds per iteration | Loss: 1.0553
[09-16 15:14:27|INFO|cosmos_framework/callbacks/iter_speed.py:75:every_n_impl] [RANK 0] 6327 : iter_speed 9.48 seconds per iteration | Loss: 1.3226
[09-16 15:14:37|INFO|cosmos_framework/callbacks/iter_speed.py:75:every_n_impl] [RANK 0] 6328 : iter_speed 9.48 seconds per iteration | Loss: 1.0503
[09-16 15:14:46|INFO|cosmos_framework/callbacks/iter_speed.py:75:every_n_impl] [RANK 0] 6329 : iter_speed 9.48 seconds per iteration | Loss: 0.9981
[09-16 15:14:56|INFO|cosmos_framework/callbacks/iter_speed.py:75:every_n_impl] [RANK 0] 6330 : iter_speed 9.48 seconds per iteration | Loss: 1.1406
[09-16 15:15:05|INFO|cosmos_framework/callbacks/grad_clip.py:325:on_before_optimizer_step] [RANK 1] clip_grad_norm/video/global: 0.56250 (iteration 6330)
[09-16 15:15:05|INFO|cosmos_framework/callbacks/grad_clip.py:325:on_before_optimizer_step] [RANK 0] clip_grad_norm/video/global: 0.56250 (iteration 6330)
[09-16 15:15:05|INFO|cosmos_framework/callbacks/iter_speed.py:75:every_n_impl] [RANK 0] 6331 : iter_speed 9.49 seconds per iteration | Loss: 0.9839
[09-16 15:15:15|INFO|cosmos_framework/callbacks/iter_speed.py:75:every_n_impl] [RANK 0] 6332 : iter_speed 9.47 seconds per iteration | Loss: 1.2351
[09-16 15:15:24|INFO|cosmos_framework/callbacks/iter_speed.py:75:every_n_impl] [RANK 0] 6333 : iter_speed 9.47 seconds per iteration | Loss: 0.9871
[09-16 15:15:34|INFO|cosmos_framework/callbacks/iter_speed.py:75:every_n_impl] [RANK 0] 6334 : iter_speed 9.49 seconds per iteration | Loss: 0.9088
[09-16 15:15:43|INFO|cosmos_framework/callbacks/iter_speed.py:75:every_n_impl] [RANK 0] 6335 : iter_speed 9.49 seconds per iteration | Loss: 1.2874
[09-16 15:15:53|INFO|cosmos_framework/callbacks/iter_speed.py:75:every_n_impl] [RANK 0] 6336 : iter_speed 9.50 seconds per iteration | Loss: 1.1082
[09-16 15:16:02|INFO|cosmos_framework/callbacks/iter_speed.py:75:every_n_impl] [RANK 0] 6337 : iter_speed 9.49 seconds per iteration | Loss: 1.3982
[09-16 15:16:12|INFO|cosmos_framework/callbacks/iter_speed.py:75:every_n_impl] [RANK 0] 6338 : iter_speed 9.49 seconds per iteration | Loss: 1.4754
[09-16 15:16:21|INFO|cosmos_framework/callbacks/iter_speed.py:75:every_n_impl] [RANK 0] 6339 : iter_speed 9.48 seconds per iteration | Loss: 1.0000
[09-16 15:16:31|INFO|cosmos_framework/callbacks/iter_speed.py:75:every_n_impl] [RANK 0] 6340 : iter_speed 9.48 seconds per iteration | Loss: 1.6868
[09-16 15:16:40|INFO|cosmos_framework/callbacks/grad_clip.py:325:on_before_optimizer_step] [RANK 1] clip_grad_norm/video/global: 0.51172 (iteration 6340)
[09-16 15:16:40|INFO|cosmos_framework/callbacks/grad_clip.py:325:on_before_optimizer_step] [RANK 0] clip_grad_norm/video/global: 0.51172 (iteration 6340)
[09-16 15:16:40|INFO|cosmos_framework/callbacks/iter_speed.py:75:every_n_impl] [RANK 0] 6341 : iter_speed 9.48 seconds per iteration | Loss: 1.0474
[09-16 15:16:50|INFO|cosmos_framework/callbacks/iter_speed.py:75:every_n_impl] [RANK 0] 6342 : iter_speed 9.49 seconds per iteration | Loss: 0.9990
[09-16 15:16:59|INFO|cosmos_framework/callbacks/iter_speed.py:75:every_n_impl] [RANK 0] 6343 : iter_speed 9.48 seconds per iteration | Loss: 1.3870
[09-16 15:17:09|INFO|cosmos_framework/callbacks/iter_speed.py:75:every_n_impl] [RANK 0] 6344 : iter_speed 9.48 seconds per iteration | Loss: 1.0379
[09-16 15:17:18|INFO|cosmos_framework/callbacks/iter_speed.py:75:every_n_impl] [RANK 0] 6345 : iter_speed 9.47 seconds per iteration | Loss: 1.1809
[09-16 15:17:27|INFO|cosmos_framework/callbacks/iter_speed.py:75:every_n_impl] [RANK 0] 6346 : iter_speed 9.47 seconds per iteration | Loss: 1.5613
[09-16 15:17:37|INFO|cosmos_framework/callbacks/iter_speed.py:75:every_n_impl] [RANK 0] 6347 : iter_speed 9.48 seconds per iteration | Loss: 1.3619
[09-16 15:17:46|INFO|cosmos_framework/callbacks/iter_speed.py:75:every_n_impl] [RANK 0] 6348 : iter_speed 9.48 seconds per iteration | Loss: 1.4175
[09-16 15:17:56|INFO|cosmos_framework/callbacks/iter_speed.py:75:every_n_impl] [RANK 0] 6349 : iter_speed 9.47 seconds per iteration | Loss: 1.4875
[09-16 15:18:05|INFO|cosmos_framework/callbacks/iter_speed.py:75:every_n_impl] [RANK 0] 6350 : iter_speed 9.46 seconds per iteration | Loss: 1.1517
[09-16 15:18:15|INFO|cosmos_framework/callbacks/grad_clip.py:325:on_before_optimizer_step] [RANK 0] clip_grad_norm/video/global: 0.51953 (iteration 6350)
[09-16 15:18:15|INFO|cosmos_framework/callbacks/grad_clip.py:325:on_before_optimizer_step] [RANK 1] clip_grad_norm/video/global: 0.51953 (iteration 6350)
[09-16 15:18:15|INFO|cosmos_framework/callbacks/iter_speed.py:75:every_n_impl] [RANK 0] 6351 : iter_speed 9.48 seconds per iteration | Loss: 1.2910
[09-16 15:18:24|INFO|cosmos_framework/callbacks/iter_speed.py:75:every_n_impl] [RANK 0] 6352 : iter_speed 9.48 seconds per iteration | Loss: 1.2948
[09-16 15:18:34|INFO|cosmos_framework/callbacks/iter_speed.py:75:every_n_impl] [RANK 0] 6353 : iter_speed 9.48 seconds per iteration | Loss: 1.4312
[09-16 15:18:43|INFO|cosmos_framework/callbacks/iter_speed.py:75:every_n_impl] [RANK 0] 6354 : iter_speed 9.49 seconds per iteration | Loss: 1.9887
[09-16 15:18:53|INFO|cosmos_framework/callbacks/iter_speed.py:75:every_n_impl] [RANK 0] 6355 : iter_speed 9.48 seconds per iteration | Loss: 1.3859
[09-16 15:19:02|INFO|cosmos_framework/callbacks/iter_speed.py:75:every_n_impl] [RANK 0] 6356 : iter_speed 9.48 seconds per iteration | Loss: 1.2334
[09-16 15:19:12|INFO|cosmos_framework/callbacks/iter_speed.py:75:every_n_impl] [RANK 0] 6357 : iter_speed 9.49 seconds per iteration | Loss: 1.5411
[09-16 15:19:21|INFO|cosmos_framework/callbacks/iter_speed.py:75:every_n_impl] [RANK 0] 6358 : iter_speed 9.47 seconds per iteration | Loss: 1.6107
[09-16 15:19:31|INFO|cosmos_framework/callbacks/iter_speed.py:75:every_n_impl] [RANK 0] 6359 : iter_speed 9.48 seconds per iteration | Loss: 1.2948
[09-16 15:19:40|INFO|cosmos_framework/callbacks/iter_speed.py:75:every_n_impl] [RANK 0] 6360 : iter_speed 9.47 seconds per iteration | Loss: 1.9682
[09-16 15:19:50|INFO|cosmos_framework/callbacks/grad_clip.py:325:on_before_optimizer_step] [RANK 1] clip_grad_norm/video/global: 0.76172 (iteration 6360)
[09-16 15:19:50|INFO|cosmos_framework/callbacks/grad_clip.py:325:on_before_optimizer_step] [RANK 0] clip_grad_norm/video/global: 0.76172 (iteration 6360)
[09-16 15:19:50|INFO|cosmos_framework/callbacks/iter_speed.py:75:every_n_impl] [RANK 0] 6361 : iter_speed 9.50 seconds per iteration | Loss: 1.5245
[09-16 15:19:59|INFO|cosmos_framework/callbacks/iter_speed.py:75:every_n_impl] [RANK 0] 6362 : iter_speed 9.49 seconds per iteration | Loss: 1.4651
[09-16 15:20:09|INFO|cosmos_framework/callbacks/iter_speed.py:75:every_n_impl] [RANK 0] 6363 : iter_speed 9.50 seconds per iteration | Loss: 1.4081
[09-16 15:20:18|INFO|cosmos_framework/callbacks/iter_speed.py:75:every_n_impl] [RANK 0] 6364 : iter_speed 9.48 seconds per iteration | Loss: 1.2659
[09-16 15:20:28|INFO|cosmos_framework/callbacks/iter_speed.py:75:every_n_impl] [RANK 0] 6365 : iter_speed 9.47 seconds per iteration | Loss: 1.1021
[09-16 15:20:37|INFO|cosmos_framework/callbacks/iter_speed.py:75:every_n_impl] [RANK 0] 6366 : iter_speed 9.47 seconds per iteration | Loss: 1.1197
[09-16 15:20:47|INFO|cosmos_framework/callbacks/iter_speed.py:75:every_n_impl] [RANK 0] 6367 : iter_speed 9.49 seconds per iteration | Loss: 1.2303
[09-16 15:20:56|INFO|cosmos_framework/callbacks/iter_speed.py:75:every_n_impl] [RANK 0] 6368 : iter_speed 9.49 seconds per iteration | Loss: 1.2794
[09-16 15:21:06|INFO|cosmos_framework/callbacks/iter_speed.py:75:every_n_impl] [RANK 0] 6369 : iter_speed 9.49 seconds per iteration | Loss: 1.5113
[09-16 15:21:15|INFO|cosmos_framework/callbacks/iter_speed.py:75:every_n_impl] [RANK 0] 6370 : iter_speed 9.48 seconds per iteration | Loss: 1.1660
[09-16 15:21:24|INFO|cosmos_framework/callbacks/grad_clip.py:325:on_before_optimizer_step] [RANK 1] clip_grad_norm/video/global: 0.71094 (iteration 6370)
[09-16 15:21:24|INFO|cosmos_framework/callbacks/grad_clip.py:325:on_before_optimizer_step] [RANK 0] clip_grad_norm/video/global: 0.71094 (iteration 6370)
[09-16 15:21:24|INFO|cosmos_framework/callbacks/iter_speed.py:75:every_n_impl] [RANK 0] 6371 : iter_speed 9.48 seconds per iteration | Loss: 1.4176
[09-16 15:21:34|INFO|cosmos_framework/callbacks/iter_speed.py:75:every_n_impl] [RANK 0] 6372 : iter_speed 9.48 seconds per iteration | Loss: 1.2147
[09-16 15:21:43|INFO|cosmos_framework/callbacks/iter_speed.py:75:every_n_impl] [RANK 0] 6373 : iter_speed 9.49 seconds per iteration | Loss: 0.9351
[09-16 15:21:53|INFO|cosmos_framework/callbacks/iter_speed.py:75:every_n_impl] [RANK 0] 6374 : iter_speed 9.49 seconds per iteration | Loss: 1.1100
[09-16 15:22:02|INFO|cosmos_framework/callbacks/iter_speed.py:75:every_n_impl] [RANK 0] 6375 : iter_speed 9.49 seconds per iteration | Loss: 0.9635
[09-16 15:22:12|INFO|cosmos_framework/callbacks/iter_speed.py:75:every_n_impl] [RANK 0] 6376 : iter_speed 9.48 seconds per iteration | Loss: 1.2585
[09-16 15:22:21|INFO|cosmos_framework/callbacks/iter_speed.py:75:every_n_impl] [RANK 0] 6377 : iter_speed 9.48 seconds per iteration | Loss: 1.1783
[09-16 15:22:31|INFO|cosmos_framework/callbacks/iter_speed.py:75:every_n_impl] [RANK 0] 6378 : iter_speed 9.49 seconds per iteration | Loss: 1.4574
[09-16 15:22:40|INFO|cosmos_framework/callbacks/iter_speed.py:75:every_n_impl] [RANK 0] 6379 : iter_speed 9.48 seconds per iteration | Loss: 1.0863
[09-16 15:22:50|INFO|cosmos_framework/callbacks/iter_speed.py:75:every_n_impl] [RANK 0] 6380 : iter_speed 9.48 seconds per iteration | Loss: 0.9752
[09-16 15:22:59|INFO|cosmos_framework/callbacks/grad_clip.py:325:on_before_optimizer_step] [RANK 1] clip_grad_norm/video/global: 0.91406 (iteration 6380)
[09-16 15:22:59|INFO|cosmos_framework/callbacks/grad_clip.py:325:on_before_optimizer_step] [RANK 0] clip_grad_norm/video/global: 0.91406 (iteration 6380)
[09-16 15:22:59|INFO|cosmos_framework/callbacks/iter_speed.py:75:every_n_impl] [RANK 0] 6381 : iter_speed 9.48 seconds per iteration | Loss: 1.2833
[09-16 15:23:09|INFO|cosmos_framework/callbacks/iter_speed.py:75:every_n_impl] [RANK 0] 6382 : iter_speed 9.47 seconds per iteration | Loss: 1.0614
[09-16 15:23:18|INFO|cosmos_framework/callbacks/iter_speed.py:75:every_n_impl] [RANK 0] 6383 : iter_speed 9.47 seconds per iteration | Loss: 1.3279
[09-16 15:23:28|INFO|cosmos_framework/callbacks/iter_speed.py:75:every_n_impl] [RANK 0] 6384 : iter_speed 9.47 seconds per iteration | Loss: 1.0572
[09-16 15:23:37|INFO|cosmos_framework/callbacks/iter_speed.py:75:every_n_impl] [RANK 0] 6385 : iter_speed 9.47 seconds per iteration | Loss: 1.1800
[09-16 15:23:47|INFO|cosmos_framework/callbacks/iter_speed.py:75:every_n_impl] [RANK 0] 6386 : iter_speed 9.48 seconds per iteration | Loss: 1.3089
[09-16 15:23:56|INFO|cosmos_framework/callbacks/iter_speed.py:75:every_n_impl] [RANK 0] 6387 : iter_speed 9.49 seconds per iteration | Loss: 1.1297
[09-16 15:24:06|INFO|cosmos_framework/callbacks/iter_speed.py:75:every_n_impl] [RANK 0] 6388 : iter_speed 9.48 seconds per iteration | Loss: 1.2769
[09-16 15:24:15|INFO|cosmos_framework/callbacks/iter_speed.py:75:every_n_impl] [RANK 0] 6389 : iter_speed 9.47 seconds per iteration | Loss: 2.0674
[09-16 15:24:25|INFO|cosmos_framework/callbacks/iter_speed.py:75:every_n_impl] [RANK 0] 6390 : iter_speed 9.47 seconds per iteration | Loss: 1.2077
[09-16 15:24:34|INFO|cosmos_framework/callbacks/grad_clip.py:325:on_before_optimizer_step] [RANK 0] clip_grad_norm/video/global: 0.48438 (iteration 6390)
[09-16 15:24:34|INFO|cosmos_framework/callbacks/grad_clip.py:325:on_before_optimizer_step] [RANK 1] clip_grad_norm/video/global: 0.48438 (iteration 6390)
[09-16 15:24:34|INFO|cosmos_framework/callbacks/iter_speed.py:75:every_n_impl] [RANK 0] 6391 : iter_speed 9.49 seconds per iteration | Loss: 1.8875
[09-16 15:24:44|INFO|cosmos_framework/callbacks/iter_speed.py:75:every_n_impl] [RANK 0] 6392 : iter_speed 9.48 seconds per iteration | Loss: 1.4004
[09-16 15:24:53|INFO|cosmos_framework/callbacks/iter_speed.py:75:every_n_impl] [RANK 0] 6393 : iter_speed 9.46 seconds per iteration | Loss: 1.1717
[09-16 15:25:02|INFO|cosmos_framework/callbacks/iter_speed.py:75:every_n_impl] [RANK 0] 6394 : iter_speed 9.47 seconds per iteration | Loss: 1.3571
[09-16 15:25:12|INFO|cosmos_framework/callbacks/iter_speed.py:75:every_n_impl] [RANK 0] 6395 : iter_speed 9.48 seconds per iteration | Loss: 1.2517
[09-16 15:25:21|INFO|cosmos_framework/callbacks/iter_speed.py:75:every_n_impl] [RANK 0] 6396 : iter_speed 9.48 seconds per iteration | Loss: 1.2913
[09-16 15:25:31|INFO|cosmos_framework/callbacks/iter_speed.py:75:every_n_impl] [RANK 0] 6397 : iter_speed 9.48 seconds per iteration | Loss: 1.1646
[09-16 15:25:40|INFO|cosmos_framework/callbacks/iter_speed.py:75:every_n_impl] [RANK 0] 6398 : iter_speed 9.48 seconds per iteration | Loss: 1.2257
[09-16 15:25:50|INFO|cosmos_framework/callbacks/iter_speed.py:75:every_n_impl] [RANK 0] 6399 : iter_speed 9.49 seconds per iteration | Loss: 1.1907
[09-16 15:25:59|INFO|cosmos_framework/callbacks/iter_speed.py:75:every_n_impl] [RANK 0] 6400 : iter_speed 9.49 seconds per iteration | Loss: 1.3762
[09-16 15:25:59|INFO|cosmos_framework/callbacks/device_monitor.py:174:every_n_impl] DeviceMonitor Stats:
                                    Avg            Max            Min
cpu_mem_gb                    29.952936      30.583546      29.322327
peak_gpu_mem_gb               24.092749      24.093529      24.091969
peak_gpu_mem_reserved_gb      26.238281      26.267578      26.208984
nvml_used_gpu_mem_gb          28.153625      28.182922      28.124329
nvml_free_gpu_mem_gb          67.439148      67.468445      67.409851
temp                          75.500000      78.000000      73.000000
power                     576336.000000  577747.000000  574925.000000
util                         100.000000     100.000000     100.000000
clock                       2400.000000    2400.000000    2400.000000
/home/<brev-user>/cosmos-framework/.venv/lib/python3.13/site-packages/torch/distributed/c10d_logger.py:83: UserWarning: barrier(): using the device under current context. You can specify `device_id` in `init_process_group` to mute this warning.
  return func(*args, **kwargs)
[09-16 15:26:09|INFO|cosmos_framework/callbacks/grad_clip.py:325:on_before_optimizer_step] [RANK 1] clip_grad_norm/video/global: 0.55859 (iteration 6400)
[09-16 15:26:09|INFO|cosmos_framework/callbacks/grad_clip.py:325:on_before_optimizer_step] [RANK 0] clip_grad_norm/video/global: 0.55859 (iteration 6400)
[09-16 15:26:09|INFO|cosmos_framework/callbacks/iter_speed.py:75:every_n_impl] [RANK 0] 6401 : iter_speed 9.50 seconds per iteration | Loss: 1.7846
[09-16 15:26:18|INFO|cosmos_framework/callbacks/iter_speed.py:75:every_n_impl] [RANK 0] 6402 : iter_speed 9.48 seconds per iteration | Loss: 1.1085
[09-16 15:26:28|INFO|cosmos_framework/callbacks/iter_speed.py:75:every_n_impl] [RANK 0] 6403 : iter_speed 9.48 seconds per iteration | Loss: 1.0568
[09-16 15:26:37|INFO|cosmos_framework/callbacks/iter_speed.py:75:every_n_impl] [RANK 0] 6404 : iter_speed 9.48 seconds per iteration | Loss: 1.2668
[09-16 15:26:47|INFO|cosmos_framework/callbacks/iter_speed.py:75:every_n_impl] [RANK 0] 6405 : iter_speed 9.47 seconds per iteration | Loss: 1.0838
[09-16 15:26:56|INFO|cosmos_framework/callbacks/iter_speed.py:75:every_n_impl] [RANK 0] 6406 : iter_speed 9.48 seconds per iteration | Loss: 0.9838
[09-16 15:27:06|INFO|cosmos_framework/callbacks/iter_speed.py:75:every_n_impl] [RANK 0] 6407 : iter_speed 9.48 seconds per iteration | Loss: 0.9968
[09-16 15:27:15|INFO|cosmos_framework/callbacks/iter_speed.py:75:every_n_impl] [RANK 0] 6408 : iter_speed 9.48 seconds per iteration | Loss: 1.2790
[09-16 15:27:25|INFO|cosmos_framework/callbacks/iter_speed.py:75:every_n_impl] [RANK 0] 6409 : iter_speed 9.50 seconds per iteration | Loss: 1.4206
[09-16 15:27:34|INFO|cosmos_framework/callbacks/iter_speed.py:75:every_n_impl] [RANK 0] 6410 : iter_speed 9.48 seconds per iteration | Loss: 1.1276
[09-16 15:27:44|INFO|cosmos_framework/callbacks/grad_clip.py:325:on_before_optimizer_step] [RANK 0] clip_grad_norm/video/global: 0.43359 (iteration 6410)
[09-16 15:27:44|INFO|cosmos_framework/callbacks/grad_clip.py:325:on_before_optimizer_step] [RANK 1] clip_grad_norm/video/global: 0.43359 (iteration 6410)
[09-16 15:27:44|INFO|cosmos_framework/callbacks/iter_speed.py:75:every_n_impl] [RANK 0] 6411 : iter_speed 9.49 seconds per iteration | Loss: 1.4122
[09-16 15:27:53|INFO|cosmos_framework/callbacks/iter_speed.py:75:every_n_impl] [RANK 0] 6412 : iter_speed 9.48 seconds per iteration | Loss: 1.0425
[09-16 15:28:03|INFO|cosmos_framework/callbacks/iter_speed.py:75:every_n_impl] [RANK 0] 6413 : iter_speed 9.48 seconds per iteration | Loss: 1.5237
[09-16 15:28:12|INFO|cosmos_framework/callbacks/iter_speed.py:75:every_n_impl] [RANK 0] 6414 : iter_speed 9.48 seconds per iteration | Loss: 1.1415
[09-16 15:28:22|INFO|cosmos_framework/callbacks/iter_speed.py:75:every_n_impl] [RANK 0] 6415 : iter_speed 9.50 seconds per iteration | Loss: 1.3233
[09-16 15:28:31|INFO|cosmos_framework/callbacks/iter_speed.py:75:every_n_impl] [RANK 0] 6416 : iter_speed 9.50 seconds per iteration | Loss: 1.1301
[09-16 15:28:41|INFO|cosmos_framework/callbacks/iter_speed.py:75:every_n_impl] [RANK 0] 6417 : iter_speed 9.49 seconds per iteration | Loss: 1.1939
[09-16 15:28:50|INFO|cosmos_framework/callbacks/iter_speed.py:75:every_n_impl] [RANK 0] 6418 : iter_speed 9.50 seconds per iteration | Loss: 1.3572
[09-16 15:29:00|INFO|cosmos_framework/callbacks/iter_speed.py:75:every_n_impl] [RANK 0] 6419 : iter_speed 9.49 seconds per iteration | Loss: 1.1362
[09-16 15:29:09|INFO|cosmos_framework/callbacks/iter_speed.py:75:every_n_impl] [RANK 0] 6420 : iter_speed 9.49 seconds per iteration | Loss: 1.8129
[09-16 15:29:19|INFO|cosmos_framework/callbacks/grad_clip.py:325:on_before_optimizer_step] [RANK 1] clip_grad_norm/video/global: 0.55469 (iteration 6420)
[09-16 15:29:19|INFO|cosmos_framework/callbacks/grad_clip.py:325:on_before_optimizer_step] [RANK 0] clip_grad_norm/video/global: 0.55469 (iteration 6420)
[09-16 15:29:19|INFO|cosmos_framework/callbacks/iter_speed.py:75:every_n_impl] [RANK 0] 6421 : iter_speed 9.49 seconds per iteration | Loss: 1.3663
[09-16 15:29:28|INFO|cosmos_framework/callbacks/iter_speed.py:75:every_n_impl] [RANK 0] 6422 : iter_speed 9.48 seconds per iteration | Loss: 1.7302
[09-16 15:29:38|INFO|cosmos_framework/callbacks/iter_speed.py:75:every_n_impl] [RANK 0] 6423 : iter_speed 9.50 seconds per iteration | Loss: 1.3652
[09-16 15:29:47|INFO|cosmos_framework/callbacks/iter_speed.py:75:every_n_impl] [RANK 0] 6424 : iter_speed 9.48 seconds per iteration | Loss: 1.2919
[09-16 15:29:57|INFO|cosmos_framework/callbacks/iter_speed.py:75:every_n_impl] [RANK 0] 6425 : iter_speed 9.48 seconds per iteration | Loss: 1.0972
[09-16 15:30:06|INFO|cosmos_framework/callbacks/iter_speed.py:75:every_n_impl] [RANK 0] 6426 : iter_speed 9.49 seconds per iteration | Loss: 1.2744
[09-16 15:30:16|INFO|cosmos_framework/callbacks/iter_speed.py:75:every_n_impl] [RANK 0] 6427 : iter_speed 9.47 seconds per iteration | Loss: 1.7485
[09-16 15:30:25|INFO|cosmos_framework/callbacks/iter_speed.py:75:every_n_impl] [RANK 0] 6428 : iter_speed 9.48 seconds per iteration | Loss: 1.8330
[09-16 15:30:34|INFO|cosmos_framework/callbacks/iter_speed.py:75:every_n_impl] [RANK 0] 6429 : iter_speed 9.48 seconds per iteration | Loss: 1.2441
[09-16 15:30:44|INFO|cosmos_framework/callbacks/iter_speed.py:75:every_n_impl] [RANK 0] 6430 : iter_speed 9.48 seconds per iteration | Loss: 1.3581
[09-16 15:30:53|INFO|cosmos_framework/callbacks/grad_clip.py:325:on_before_optimizer_step] [RANK 1] clip_grad_norm/video/global: 0.52734 (iteration 6430)
[09-16 15:30:53|INFO|cosmos_framework/callbacks/grad_clip.py:325:on_before_optimizer_step] [RANK 0] clip_grad_norm/video/global: 0.52734 (iteration 6430)
[09-16 15:30:53|INFO|cosmos_framework/callbacks/iter_speed.py:75:every_n_impl] [RANK 0] 6431 : iter_speed 9.48 seconds per iteration | Loss: 1.1425
[09-16 15:31:03|INFO|cosmos_framework/callbacks/iter_speed.py:75:every_n_impl] [RANK 0] 6432 : iter_speed 9.47 seconds per iteration | Loss: 1.4929
[09-16 15:31:12|INFO|cosmos_framework/callbacks/iter_speed.py:75:every_n_impl] [RANK 0] 6433 : iter_speed 9.48 seconds per iteration | Loss: 1.3907
[09-16 15:31:22|INFO|cosmos_framework/callbacks/iter_speed.py:75:every_n_impl] [RANK 0] 6434 : iter_speed 9.48 seconds per iteration | Loss: 1.4758
[09-16 15:31:31|INFO|cosmos_framework/callbacks/iter_speed.py:75:every_n_impl] [RANK 0] 6435 : iter_speed 9.48 seconds per iteration | Loss: 1.7814
[09-16 15:31:41|INFO|cosmos_framework/callbacks/iter_speed.py:75:every_n_impl] [RANK 0] 6436 : iter_speed 9.49 seconds per iteration | Loss: 1.4867
[09-16 15:31:50|INFO|cosmos_framework/callbacks/iter_speed.py:75:every_n_impl] [RANK 0] 6437 : iter_speed 9.48 seconds per iteration | Loss: 1.5539
[09-16 15:32:00|INFO|cosmos_framework/callbacks/iter_speed.py:75:every_n_impl] [RANK 0] 6438 : iter_speed 9.48 seconds per iteration | Loss: 1.2412
[09-16 15:32:09|INFO|cosmos_framework/callbacks/iter_speed.py:75:every_n_impl] [RANK 0] 6439 : iter_speed 9.49 seconds per iteration | Loss: 1.0629
[09-16 15:32:19|INFO|cosmos_framework/callbacks/iter_speed.py:75:every_n_impl] [RANK 0] 6440 : iter_speed 9.49 seconds per iteration | Loss: 1.2926
[09-16 15:32:28|INFO|cosmos_framework/callbacks/grad_clip.py:325:on_before_optimizer_step] [RANK 0] clip_grad_norm/video/global: 0.62109 (iteration 6440)
[09-16 15:32:28|INFO|cosmos_framework/callbacks/grad_clip.py:325:on_before_optimizer_step] [RANK 1] clip_grad_norm/video/global: 0.62109 (iteration 6440)
[09-16 15:32:28|INFO|cosmos_framework/callbacks/iter_speed.py:75:every_n_impl] [RANK 0] 6441 : iter_speed 9.49 seconds per iteration | Loss: 1.3076
[09-16 15:32:38|INFO|cosmos_framework/callbacks/iter_speed.py:75:every_n_impl] [RANK 0] 6442 : iter_speed 9.49 seconds per iteration | Loss: 1.1673
[09-16 15:32:47|INFO|cosmos_framework/callbacks/iter_speed.py:75:every_n_impl] [RANK 0] 6443 : iter_speed 9.49 seconds per iteration | Loss: 1.3444
[09-16 15:32:57|INFO|cosmos_framework/callbacks/iter_speed.py:75:every_n_impl] [RANK 0] 6444 : iter_speed 9.48 seconds per iteration | Loss: 1.4219
[09-16 15:33:06|INFO|cosmos_framework/callbacks/iter_speed.py:75:every_n_impl] [RANK 0] 6445 : iter_speed 9.49 seconds per iteration | Loss: 1.2488
[09-16 15:33:16|INFO|cosmos_framework/callbacks/iter_speed.py:75:every_n_impl] [RANK 0] 6446 : iter_speed 9.49 seconds per iteration | Loss: 1.1976
[09-16 15:33:25|INFO|cosmos_framework/callbacks/iter_speed.py:75:every_n_impl] [RANK 0] 6447 : iter_speed 9.48 seconds per iteration | Loss: 1.2053
[09-16 15:33:35|INFO|cosmos_framework/callbacks/iter_speed.py:75:every_n_impl] [RANK 0] 6448 : iter_speed 9.49 seconds per iteration | Loss: 1.1978
[09-16 15:33:44|INFO|cosmos_framework/callbacks/iter_speed.py:75:every_n_impl] [RANK 0] 6449 : iter_speed 9.49 seconds per iteration | Loss: 1.1622
[09-16 15:33:54|INFO|cosmos_framework/callbacks/iter_speed.py:75:every_n_impl] [RANK 0] 6450 : iter_speed 9.49 seconds per iteration | Loss: 1.5531
[09-16 15:34:03|INFO|cosmos_framework/callbacks/grad_clip.py:325:on_before_optimizer_step] [RANK 1] clip_grad_norm/video/global: 0.59766 (iteration 6450)
[09-16 15:34:03|INFO|cosmos_framework/callbacks/grad_clip.py:325:on_before_optimizer_step] [RANK 0] clip_grad_norm/video/global: 0.59766 (iteration 6450)
[09-16 15:34:03|INFO|cosmos_framework/callbacks/iter_speed.py:75:every_n_impl] [RANK 0] 6451 : iter_speed 9.49 seconds per iteration | Loss: 0.9473
[09-16 15:34:13|INFO|cosmos_framework/callbacks/iter_speed.py:75:every_n_impl] [RANK 0] 6452 : iter_speed 9.49 seconds per iteration | Loss: 0.9181
[09-16 15:34:22|INFO|cosmos_framework/callbacks/iter_speed.py:75:every_n_impl] [RANK 0] 6453 : iter_speed 9.49 seconds per iteration | Loss: 0.9902
[09-16 15:34:32|INFO|cosmos_framework/callbacks/iter_speed.py:75:every_n_impl] [RANK 0] 6454 : iter_speed 9.48 seconds per iteration | Loss: 1.3230
[09-16 15:34:41|INFO|cosmos_framework/callbacks/iter_speed.py:75:every_n_impl] [RANK 0] 6455 : iter_speed 9.48 seconds per iteration | Loss: 1.3052
[09-16 15:34:51|INFO|cosmos_framework/callbacks/iter_speed.py:75:every_n_impl] [RANK 0] 6456 : iter_speed 9.49 seconds per iteration | Loss: 1.1432
[09-16 15:35:00|INFO|cosmos_framework/callbacks/iter_speed.py:75:every_n_impl] [RANK 0] 6457 : iter_speed 9.48 seconds per iteration | Loss: 0.9974
[09-16 15:35:10|INFO|cosmos_framework/callbacks/iter_speed.py:75:every_n_impl] [RANK 0] 6458 : iter_speed 9.48 seconds per iteration | Loss: 1.0719
[09-16 15:35:19|INFO|cosmos_framework/callbacks/iter_speed.py:75:every_n_impl] [RANK 0] 6459 : iter_speed 9.49 seconds per iteration | Loss: 0.9623
[09-16 15:35:28|INFO|cosmos_framework/callbacks/iter_speed.py:75:every_n_impl] [RANK 0] 6460 : iter_speed 9.49 seconds per iteration | Loss: 1.4781
[09-16 15:35:38|INFO|cosmos_framework/callbacks/grad_clip.py:325:on_before_optimizer_step] [RANK 0] clip_grad_norm/video/global: 0.63281 (iteration 6460)
[09-16 15:35:38|INFO|cosmos_framework/callbacks/grad_clip.py:325:on_before_optimizer_step] [RANK 1] clip_grad_norm/video/global: 0.63281 (iteration 6460)
[09-16 15:35:38|INFO|cosmos_framework/callbacks/iter_speed.py:75:every_n_impl] [RANK 0] 6461 : iter_speed 9.50 seconds per iteration | Loss: 1.3268
[09-16 15:35:47|INFO|cosmos_framework/callbacks/iter_speed.py:75:every_n_impl] [RANK 0] 6462 : iter_speed 9.49 seconds per iteration | Loss: 1.0149
[09-16 15:35:57|INFO|cosmos_framework/callbacks/iter_speed.py:75:every_n_impl] [RANK 0] 6463 : iter_speed 9.49 seconds per iteration | Loss: 1.1363
[09-16 15:36:06|INFO|cosmos_framework/callbacks/iter_speed.py:75:every_n_impl] [RANK 0] 6464 : iter_speed 9.48 seconds per iteration | Loss: 1.2786
[09-16 15:36:16|INFO|cosmos_framework/callbacks/iter_speed.py:75:every_n_impl] [RANK 0] 6465 : iter_speed 9.48 seconds per iteration | Loss: 1.3410
[09-16 15:36:25|INFO|cosmos_framework/callbacks/iter_speed.py:75:every_n_impl] [RANK 0] 6466 : iter_speed 9.48 seconds per iteration | Loss: 1.1106
[09-16 15:36:35|INFO|cosmos_framework/callbacks/iter_speed.py:75:every_n_impl] [RANK 0] 6467 : iter_speed 9.48 seconds per iteration | Loss: 1.1020
[09-16 15:36:44|INFO|cosmos_framework/callbacks/iter_speed.py:75:every_n_impl] [RANK 0] 6468 : iter_speed 9.49 seconds per iteration | Loss: 1.0567
[09-16 15:36:54|INFO|cosmos_framework/callbacks/iter_speed.py:75:every_n_impl] [RANK 0] 6469 : iter_speed 9.48 seconds per iteration | Loss: 1.0135
[09-16 15:37:03|INFO|cosmos_framework/callbacks/iter_speed.py:75:every_n_impl] [RANK 0] 6470 : iter_speed 9.47 seconds per iteration | Loss: 1.0708
[09-16 15:37:13|INFO|cosmos_framework/callbacks/grad_clip.py:325:on_before_optimizer_step] [RANK 0] clip_grad_norm/video/global: 0.45898 (iteration 6470)
[09-16 15:37:13|INFO|cosmos_framework/callbacks/grad_clip.py:325:on_before_optimizer_step] [RANK 1] clip_grad_norm/video/global: 0.45898 (iteration 6470)
[09-16 15:37:13|INFO|cosmos_framework/callbacks/iter_speed.py:75:every_n_impl] [RANK 0] 6471 : iter_speed 9.48 seconds per iteration | Loss: 0.9510
[09-16 15:37:22|INFO|cosmos_framework/callbacks/iter_speed.py:75:every_n_impl] [RANK 0] 6472 : iter_speed 9.49 seconds per iteration | Loss: 1.1031
[09-16 15:37:32|INFO|cosmos_framework/callbacks/iter_speed.py:75:every_n_impl] [RANK 0] 6473 : iter_speed 9.49 seconds per iteration | Loss: 1.9147
[09-16 15:37:41|INFO|cosmos_framework/callbacks/iter_speed.py:75:every_n_impl] [RANK 0] 6474 : iter_speed 9.48 seconds per iteration | Loss: 1.0243
[09-16 15:37:51|INFO|cosmos_framework/callbacks/iter_speed.py:75:every_n_impl] [RANK 0] 6475 : iter_speed 9.48 seconds per iteration | Loss: 1.1069
[09-16 15:38:00|INFO|cosmos_framework/callbacks/iter_speed.py:75:every_n_impl] [RANK 0] 6476 : iter_speed 9.47 seconds per iteration | Loss: 0.9618
[09-16 15:38:10|INFO|cosmos_framework/callbacks/iter_speed.py:75:every_n_impl] [RANK 0] 6477 : iter_speed 9.47 seconds per iteration | Loss: 1.3454
[09-16 15:38:19|INFO|cosmos_framework/callbacks/iter_speed.py:75:every_n_impl] [RANK 0] 6478 : iter_speed 9.49 seconds per iteration | Loss: 1.2191
[09-16 15:38:29|INFO|cosmos_framework/callbacks/iter_speed.py:75:every_n_impl] [RANK 0] 6479 : iter_speed 9.48 seconds per iteration | Loss: 1.0172
[09-16 15:38:38|INFO|cosmos_framework/callbacks/iter_speed.py:75:every_n_impl] [RANK 0] 6480 : iter_speed 9.49 seconds per iteration | Loss: 1.1867
[09-16 15:38:48|INFO|cosmos_framework/callbacks/grad_clip.py:325:on_before_optimizer_step] [RANK 1] clip_grad_norm/video/global: 0.64844 (iteration 6480)
[09-16 15:38:48|INFO|cosmos_framework/callbacks/grad_clip.py:325:on_before_optimizer_step] [RANK 0] clip_grad_norm/video/global: 0.64844 (iteration 6480)
[09-16 15:38:48|INFO|cosmos_framework/callbacks/iter_speed.py:75:every_n_impl] [RANK 0] 6481 : iter_speed 9.48 seconds per iteration | Loss: 0.9429
[09-16 15:38:57|INFO|cosmos_framework/callbacks/iter_speed.py:75:every_n_impl] [RANK 0] 6482 : iter_speed 9.48 seconds per iteration | Loss: 1.1646
[09-16 15:39:07|INFO|cosmos_framework/callbacks/iter_speed.py:75:every_n_impl] [RANK 0] 6483 : iter_speed 9.48 seconds per iteration | Loss: 1.0516
[09-16 15:39:16|INFO|cosmos_framework/callbacks/iter_speed.py:75:every_n_impl] [RANK 0] 6484 : iter_speed 9.50 seconds per iteration | Loss: 1.0453
[09-16 15:39:26|INFO|cosmos_framework/callbacks/iter_speed.py:75:every_n_impl] [RANK 0] 6485 : iter_speed 9.48 seconds per iteration | Loss: 0.9152
[09-16 15:39:35|INFO|cosmos_framework/callbacks/iter_speed.py:75:every_n_impl] [RANK 0] 6486 : iter_speed 9.48 seconds per iteration | Loss: 0.9645
[09-16 15:39:45|INFO|cosmos_framework/callbacks/iter_speed.py:75:every_n_impl] [RANK 0] 6487 : iter_speed 9.48 seconds per iteration | Loss: 1.1216
[09-16 15:39:54|INFO|cosmos_framework/callbacks/iter_speed.py:75:every_n_impl] [RANK 0] 6488 : iter_speed 9.48 seconds per iteration | Loss: 1.1223
[09-16 15:40:03|INFO|cosmos_framework/callbacks/iter_speed.py:75:every_n_impl] [RANK 0] 6489 : iter_speed 9.47 seconds per iteration | Loss: 1.0447
[09-16 15:40:13|INFO|cosmos_framework/callbacks/iter_speed.py:75:every_n_impl] [RANK 0] 6490 : iter_speed 9.50 seconds per iteration | Loss: 1.2998
[09-16 15:40:22|INFO|cosmos_framework/callbacks/grad_clip.py:325:on_before_optimizer_step] [RANK 1] clip_grad_norm/video/global: 0.55859 (iteration 6490)
[09-16 15:40:22|INFO|cosmos_framework/callbacks/grad_clip.py:325:on_before_optimizer_step] [RANK 0] clip_grad_norm/video/global: 0.55859 (iteration 6490)
[09-16 15:40:22|INFO|cosmos_framework/callbacks/iter_speed.py:75:every_n_impl] [RANK 0] 6491 : iter_speed 9.50 seconds per iteration | Loss: 1.0364
[09-16 15:40:32|INFO|cosmos_framework/callbacks/iter_speed.py:75:every_n_impl] [RANK 0] 6492 : iter_speed 9.50 seconds per iteration | Loss: 1.2504
[09-16 15:40:41|INFO|cosmos_framework/callbacks/iter_speed.py:75:every_n_impl] [RANK 0] 6493 : iter_speed 9.49 seconds per iteration | Loss: 1.0842
[09-16 15:40:51|INFO|cosmos_framework/callbacks/iter_speed.py:75:every_n_impl] [RANK 0] 6494 : iter_speed 9.48 seconds per iteration | Loss: 1.8484
[09-16 15:41:00|INFO|cosmos_framework/callbacks/iter_speed.py:75:every_n_impl] [RANK 0] 6495 : iter_speed 9.49 seconds per iteration | Loss: 1.2554
[09-16 15:41:10|INFO|cosmos_framework/callbacks/iter_speed.py:75:every_n_impl] [RANK 0] 6496 : iter_speed 9.49 seconds per iteration | Loss: 1.0568
[09-16 15:41:19|INFO|cosmos_framework/callbacks/iter_speed.py:75:every_n_impl] [RANK 0] 6497 : iter_speed 9.49 seconds per iteration | Loss: 1.3089
[09-16 15:41:29|INFO|cosmos_framework/callbacks/iter_speed.py:75:every_n_impl] [RANK 0] 6498 : iter_speed 9.47 seconds per iteration | Loss: 0.9172
[09-16 15:41:38|INFO|cosmos_framework/callbacks/iter_speed.py:75:every_n_impl] [RANK 0] 6499 : iter_speed 9.48 seconds per iteration | Loss: 1.2627
[09-16 15:41:54|INFO|cosmos_framework/checkpoint/dcp.py:1081:save_state_dict_worker] Saving last checkpoint file iter_000006500
[09-16 15:41:54|INFO|cosmos_framework/checkpoint/dcp.py:1084:save_state_dict_worker] Saved checkpoint to /home/<brev-user>/cosmos-framework/outputs/train/cosmos3_action/action_sft_sim/action_policy_so101_edge_focus5_multi_1gpu/checkpoints/iter_000006500
[09-16 15:41:54|INFO|cosmos_framework/checkpoint/dcp.py:1145:save] Checkpoint save completed: Time taken: 5.86 seconds
[09-16 15:41:54|INFO|cosmos_framework/callbacks/iter_speed.py:75:every_n_impl] [RANK 0] 6500 : iter_speed 15.39 seconds per iteration | Loss: 1.0346
[09-16 15:42:03|INFO|cosmos_framework/callbacks/grad_clip.py:325:on_before_optimizer_step] [RANK 1] clip_grad_norm/video/global: 0.64844 (iteration 6500)
[09-16 15:42:03|INFO|cosmos_framework/callbacks/grad_clip.py:325:on_before_optimizer_step] [RANK 0] clip_grad_norm/video/global: 0.64844 (iteration 6500)
[09-16 15:42:03|INFO|cosmos_framework/callbacks/iter_speed.py:75:every_n_impl] [RANK 0] 6501 : iter_speed 9.51 seconds per iteration | Loss: 1.1198
[09-16 15:42:13|INFO|cosmos_framework/callbacks/iter_speed.py:75:every_n_impl] [RANK 0] 6502 : iter_speed 9.47 seconds per iteration | Loss: 1.1219
[09-16 15:42:22|INFO|cosmos_framework/callbacks/iter_speed.py:75:every_n_impl] [RANK 0] 6503 : iter_speed 9.47 seconds per iteration | Loss: 0.9375
[09-16 15:42:32|INFO|cosmos_framework/callbacks/iter_speed.py:75:every_n_impl] [RANK 0] 6504 : iter_speed 9.47 seconds per iteration | Loss: 1.7931
[09-16 15:42:41|INFO|cosmos_framework/callbacks/iter_speed.py:75:every_n_impl] [RANK 0] 6505 : iter_speed 9.47 seconds per iteration | Loss: 1.0164
[09-16 15:42:51|INFO|cosmos_framework/callbacks/iter_speed.py:75:every_n_impl] [RANK 0] 6506 : iter_speed 9.48 seconds per iteration | Loss: 1.4201
[09-16 15:43:00|INFO|cosmos_framework/callbacks/iter_speed.py:75:every_n_impl] [RANK 0] 6507 : iter_speed 9.48 seconds per iteration | Loss: 1.1926
[09-16 15:43:10|INFO|cosmos_framework/callbacks/iter_speed.py:75:every_n_impl] [RANK 0] 6508 : iter_speed 9.48 seconds per iteration | Loss: 1.2867
[09-16 15:43:19|INFO|cosmos_framework/callbacks/iter_speed.py:75:every_n_impl] [RANK 0] 6509 : iter_speed 9.49 seconds per iteration | Loss: 1.0029
[09-16 15:43:29|INFO|cosmos_framework/callbacks/iter_speed.py:75:every_n_impl] [RANK 0] 6510 : iter_speed 9.49 seconds per iteration | Loss: 1.2196
[09-16 15:43:38|INFO|cosmos_framework/callbacks/grad_clip.py:325:on_before_optimizer_step] [RANK 0] clip_grad_norm/video/global: 0.63281 (iteration 6510)
[09-16 15:43:38|INFO|cosmos_framework/callbacks/grad_clip.py:325:on_before_optimizer_step] [RANK 1] clip_grad_norm/video/global: 0.63281 (iteration 6510)
[09-16 15:43:38|INFO|cosmos_framework/callbacks/iter_speed.py:75:every_n_impl] [RANK 0] 6511 : iter_speed 9.48 seconds per iteration | Loss: 1.0911
[09-16 15:43:48|INFO|cosmos_framework/callbacks/iter_speed.py:75:every_n_impl] [RANK 0] 6512 : iter_speed 9.49 seconds per iteration | Loss: 1.3126
[09-16 15:43:57|INFO|cosmos_framework/callbacks/iter_speed.py:75:every_n_impl] [RANK 0] 6513 : iter_speed 9.48 seconds per iteration | Loss: 0.9933
[09-16 15:44:06|INFO|cosmos_framework/callbacks/iter_speed.py:75:every_n_impl] [RANK 0] 6514 : iter_speed 9.47 seconds per iteration | Loss: 1.6418
[09-16 15:44:16|INFO|cosmos_framework/callbacks/iter_speed.py:75:every_n_impl] [RANK 0] 6515 : iter_speed 9.48 seconds per iteration | Loss: 1.0267
[09-16 15:44:25|INFO|cosmos_framework/callbacks/iter_speed.py:75:every_n_impl] [RANK 0] 6516 : iter_speed 9.49 seconds per iteration | Loss: 1.7091
[09-16 15:44:35|INFO|cosmos_framework/callbacks/iter_speed.py:75:every_n_impl] [RANK 0] 6517 : iter_speed 9.48 seconds per iteration | Loss: 1.4019
[09-16 15:44:44|INFO|cosmos_framework/callbacks/iter_speed.py:75:every_n_impl] [RANK 0] 6518 : iter_speed 9.49 seconds per iteration | Loss: 1.2200
[09-16 15:44:54|INFO|cosmos_framework/callbacks/iter_speed.py:75:every_n_impl] [RANK 0] 6519 : iter_speed 9.48 seconds per iteration | Loss: 1.0875
[09-16 15:45:03|INFO|cosmos_framework/callbacks/iter_speed.py:75:every_n_impl] [RANK 0] 6520 : iter_speed 9.49 seconds per iteration | Loss: 1.9787
[09-16 15:45:13|INFO|cosmos_framework/callbacks/grad_clip.py:325:on_before_optimizer_step] [RANK 1] clip_grad_norm/video/global: 0.62109 (iteration 6520)
[09-16 15:45:13|INFO|cosmos_framework/callbacks/grad_clip.py:325:on_before_optimizer_step] [RANK 0] clip_grad_norm/video/global: 0.62109 (iteration 6520)
[09-16 15:45:13|INFO|cosmos_framework/callbacks/iter_speed.py:75:every_n_impl] [RANK 0] 6521 : iter_speed 9.49 seconds per iteration | Loss: 1.0278
[09-16 15:45:22|INFO|cosmos_framework/callbacks/iter_speed.py:75:every_n_impl] [RANK 0] 6522 : iter_speed 9.49 seconds per iteration | Loss: 1.0534
[09-16 15:45:32|INFO|cosmos_framework/callbacks/iter_speed.py:75:every_n_impl] [RANK 0] 6523 : iter_speed 9.48 seconds per iteration | Loss: 1.0595
[09-16 15:45:41|INFO|cosmos_framework/callbacks/iter_speed.py:75:every_n_impl] [RANK 0] 6524 : iter_speed 9.49 seconds per iteration | Loss: 1.4020
[09-16 15:45:51|INFO|cosmos_framework/callbacks/iter_speed.py:75:every_n_impl] [RANK 0] 6525 : iter_speed 9.47 seconds per iteration | Loss: 1.3967
[09-16 15:46:00|INFO|cosmos_framework/callbacks/iter_speed.py:75:every_n_impl] [RANK 0] 6526 : iter_speed 9.49 seconds per iteration | Loss: 1.3719
[09-16 15:46:10|INFO|cosmos_framework/callbacks/iter_speed.py:75:every_n_impl] [RANK 0] 6527 : iter_speed 9.48 seconds per iteration | Loss: 1.4917
[09-16 15:46:19|INFO|cosmos_framework/callbacks/iter_speed.py:75:every_n_impl] [RANK 0] 6528 : iter_speed 9.48 seconds per iteration | Loss: 1.1013
[09-16 15:46:29|INFO|cosmos_framework/callbacks/iter_speed.py:75:every_n_impl] [RANK 0] 6529 : iter_speed 9.48 seconds per iteration | Loss: 1.0468
[09-16 15:46:38|INFO|cosmos_framework/callbacks/iter_speed.py:75:every_n_impl] [RANK 0] 6530 : iter_speed 9.48 seconds per iteration | Loss: 1.1663
[09-16 15:46:48|INFO|cosmos_framework/callbacks/grad_clip.py:325:on_before_optimizer_step] [RANK 0] clip_grad_norm/video/global: 0.60156 (iteration 6530)
[09-16 15:46:48|INFO|cosmos_framework/callbacks/grad_clip.py:325:on_before_optimizer_step] [RANK 1] clip_grad_norm/video/global: 0.60156 (iteration 6530)
[09-16 15:46:48|INFO|cosmos_framework/callbacks/iter_speed.py:75:every_n_impl] [RANK 0] 6531 : iter_speed 9.49 seconds per iteration | Loss: 1.3323
[09-16 15:46:57|INFO|cosmos_framework/callbacks/iter_speed.py:75:every_n_impl] [RANK 0] 6532 : iter_speed 9.50 seconds per iteration | Loss: 1.1575
[09-16 15:47:07|INFO|cosmos_framework/callbacks/iter_speed.py:75:every_n_impl] [RANK 0] 6533 : iter_speed 9.49 seconds per iteration | Loss: 1.1905
[09-16 15:47:16|INFO|cosmos_framework/callbacks/iter_speed.py:75:every_n_impl] [RANK 0] 6534 : iter_speed 9.48 seconds per iteration | Loss: 1.3591
[09-16 15:47:26|INFO|cosmos_framework/callbacks/iter_speed.py:75:every_n_impl] [RANK 0] 6535 : iter_speed 9.48 seconds per iteration | Loss: 1.8759
[09-16 15:47:35|INFO|cosmos_framework/callbacks/iter_speed.py:75:every_n_impl] [RANK 0] 6536 : iter_speed 9.47 seconds per iteration | Loss: 1.1950
[09-16 15:47:45|INFO|cosmos_framework/callbacks/iter_speed.py:75:every_n_impl] [RANK 0] 6537 : iter_speed 9.48 seconds per iteration | Loss: 1.1822
[09-16 15:47:54|INFO|cosmos_framework/callbacks/iter_speed.py:75:every_n_impl] [RANK 0] 6538 : iter_speed 9.48 seconds per iteration | Loss: 1.1134
[09-16 15:48:04|INFO|cosmos_framework/callbacks/iter_speed.py:75:every_n_impl] [RANK 0] 6539 : iter_speed 9.49 seconds per iteration | Loss: 1.0487
[09-16 15:48:13|INFO|cosmos_framework/callbacks/iter_speed.py:75:every_n_impl] [RANK 0] 6540 : iter_speed 9.47 seconds per iteration | Loss: 1.4102
[09-16 15:48:23|INFO|cosmos_framework/callbacks/grad_clip.py:325:on_before_optimizer_step] [RANK 1] clip_grad_norm/video/global: 0.53906 (iteration 6540)
[09-16 15:48:23|INFO|cosmos_framework/callbacks/grad_clip.py:325:on_before_optimizer_step] [RANK 0] clip_grad_norm/video/global: 0.53906 (iteration 6540)
[09-16 15:48:23|INFO|cosmos_framework/callbacks/iter_speed.py:75:every_n_impl] [RANK 0] 6541 : iter_speed 9.49 seconds per iteration | Loss: 1.1351
[09-16 15:48:32|INFO|cosmos_framework/callbacks/iter_speed.py:75:every_n_impl] [RANK 0] 6542 : iter_speed 9.48 seconds per iteration | Loss: 1.0022
[09-16 15:48:42|INFO|cosmos_framework/callbacks/iter_speed.py:75:every_n_impl] [RANK 0] 6543 : iter_speed 9.49 seconds per iteration | Loss: 1.7578
[09-16 15:48:51|INFO|cosmos_framework/callbacks/iter_speed.py:75:every_n_impl] [RANK 0] 6544 : iter_speed 9.49 seconds per iteration | Loss: 1.1659
[09-16 15:49:00|INFO|cosmos_framework/callbacks/iter_speed.py:75:every_n_impl] [RANK 0] 6545 : iter_speed 9.48 seconds per iteration | Loss: 1.1547
[09-16 15:49:10|INFO|cosmos_framework/callbacks/iter_speed.py:75:every_n_impl] [RANK 0] 6546 : iter_speed 9.49 seconds per iteration | Loss: 1.1327
[09-16 15:49:19|INFO|cosmos_framework/callbacks/iter_speed.py:75:every_n_impl] [RANK 0] 6547 : iter_speed 9.50 seconds per iteration | Loss: 1.1805
[09-16 15:49:29|INFO|cosmos_framework/callbacks/iter_speed.py:75:every_n_impl] [RANK 0] 6548 : iter_speed 9.49 seconds per iteration | Loss: 1.0243
[09-16 15:49:38|INFO|cosmos_framework/callbacks/iter_speed.py:75:every_n_impl] [RANK 0] 6549 : iter_speed 9.48 seconds per iteration | Loss: 1.0732
[09-16 15:49:48|INFO|cosmos_framework/callbacks/iter_speed.py:75:every_n_impl] [RANK 0] 6550 : iter_speed 9.48 seconds per iteration | Loss: 1.2875
[09-16 15:49:57|INFO|cosmos_framework/callbacks/grad_clip.py:325:on_before_optimizer_step] [RANK 0] clip_grad_norm/video/global: 0.54688 (iteration 6550)
[09-16 15:49:57|INFO|cosmos_framework/callbacks/grad_clip.py:325:on_before_optimizer_step] [RANK 1] clip_grad_norm/video/global: 0.54688 (iteration 6550)
[09-16 15:49:57|INFO|cosmos_framework/callbacks/iter_speed.py:75:every_n_impl] [RANK 0] 6551 : iter_speed 9.48 seconds per iteration | Loss: 1.1840
[09-16 15:50:07|INFO|cosmos_framework/callbacks/iter_speed.py:75:every_n_impl] [RANK 0] 6552 : iter_speed 9.49 seconds per iteration | Loss: 1.3232
[09-16 15:50:16|INFO|cosmos_framework/callbacks/iter_speed.py:75:every_n_impl] [RANK 0] 6553 : iter_speed 9.49 seconds per iteration | Loss: 1.1008
[09-16 15:50:26|INFO|cosmos_framework/callbacks/iter_speed.py:75:every_n_impl] [RANK 0] 6554 : iter_speed 9.50 seconds per iteration | Loss: 1.1407
[09-16 15:50:35|INFO|cosmos_framework/callbacks/iter_speed.py:75:every_n_impl] [RANK 0] 6555 : iter_speed 9.49 seconds per iteration | Loss: 1.3494
[09-16 15:50:45|INFO|cosmos_framework/callbacks/iter_speed.py:75:every_n_impl] [RANK 0] 6556 : iter_speed 9.49 seconds per iteration | Loss: 1.2495
[09-16 15:50:54|INFO|cosmos_framework/callbacks/iter_speed.py:75:every_n_impl] [RANK 0] 6557 : iter_speed 9.49 seconds per iteration | Loss: 1.0518
[09-16 15:51:04|INFO|cosmos_framework/callbacks/iter_speed.py:75:every_n_impl] [RANK 0] 6558 : iter_speed 9.48 seconds per iteration | Loss: 1.1755
[09-16 15:51:13|INFO|cosmos_framework/callbacks/iter_speed.py:75:every_n_impl] [RANK 0] 6559 : iter_speed 9.48 seconds per iteration | Loss: 1.7365
[09-16 15:51:23|INFO|cosmos_framework/callbacks/iter_speed.py:75:every_n_impl] [RANK 0] 6560 : iter_speed 9.48 seconds per iteration | Loss: 1.3335
[09-16 15:51:32|INFO|cosmos_framework/callbacks/grad_clip.py:325:on_before_optimizer_step] [RANK 0] clip_grad_norm/video/global: 0.55469 (iteration 6560)
[09-16 15:51:32|INFO|cosmos_framework/callbacks/grad_clip.py:325:on_before_optimizer_step] [RANK 1] clip_grad_norm/video/global: 0.55469 (iteration 6560)
[09-16 15:51:32|INFO|cosmos_framework/callbacks/iter_speed.py:75:every_n_impl] [RANK 0] 6561 : iter_speed 9.49 seconds per iteration | Loss: 1.2317
[09-16 15:51:42|INFO|cosmos_framework/callbacks/iter_speed.py:75:every_n_impl] [RANK 0] 6562 : iter_speed 9.47 seconds per iteration | Loss: 1.3945
[09-16 15:51:51|INFO|cosmos_framework/callbacks/iter_speed.py:75:every_n_impl] [RANK 0] 6563 : iter_speed 9.49 seconds per iteration | Loss: 1.1109
[09-16 15:52:01|INFO|cosmos_framework/callbacks/iter_speed.py:75:every_n_impl] [RANK 0] 6564 : iter_speed 9.49 seconds per iteration | Loss: 1.2998
[09-16 15:52:10|INFO|cosmos_framework/callbacks/iter_speed.py:75:every_n_impl] [RANK 0] 6565 : iter_speed 9.47 seconds per iteration | Loss: 1.3759
[09-16 15:52:20|INFO|cosmos_framework/callbacks/iter_speed.py:75:every_n_impl] [RANK 0] 6566 : iter_speed 9.49 seconds per iteration | Loss: 1.3737
[09-16 15:52:29|INFO|cosmos_framework/callbacks/iter_speed.py:75:every_n_impl] [RANK 0] 6567 : iter_speed 9.47 seconds per iteration | Loss: 1.3362
[09-16 15:52:39|INFO|cosmos_framework/callbacks/iter_speed.py:75:every_n_impl] [RANK 0] 6568 : iter_speed 9.50 seconds per iteration | Loss: 1.3190
[09-16 15:52:48|INFO|cosmos_framework/callbacks/iter_speed.py:75:every_n_impl] [RANK 0] 6569 : iter_speed 9.48 seconds per iteration | Loss: 1.0717
[09-16 15:52:58|INFO|cosmos_framework/callbacks/iter_speed.py:75:every_n_impl] [RANK 0] 6570 : iter_speed 9.49 seconds per iteration | Loss: 1.3687
[09-16 15:53:07|INFO|cosmos_framework/callbacks/grad_clip.py:325:on_before_optimizer_step] [RANK 1] clip_grad_norm/video/global: 0.49023 (iteration 6570)
[09-16 15:53:07|INFO|cosmos_framework/callbacks/grad_clip.py:325:on_before_optimizer_step] [RANK 0] clip_grad_norm/video/global: 0.49023 (iteration 6570)
[09-16 15:53:07|INFO|cosmos_framework/callbacks/iter_speed.py:75:every_n_impl] [RANK 0] 6571 : iter_speed 9.50 seconds per iteration | Loss: 1.0849
[09-16 15:53:17|INFO|cosmos_framework/callbacks/iter_speed.py:75:every_n_impl] [RANK 0] 6572 : iter_speed 9.48 seconds per iteration | Loss: 1.5621
[09-16 15:53:26|INFO|cosmos_framework/callbacks/iter_speed.py:75:every_n_impl] [RANK 0] 6573 : iter_speed 9.48 seconds per iteration | Loss: 1.3136
[09-16 15:53:36|INFO|cosmos_framework/callbacks/iter_speed.py:75:every_n_impl] [RANK 0] 6574 : iter_speed 9.48 seconds per iteration | Loss: 1.3412
[09-16 15:53:45|INFO|cosmos_framework/callbacks/iter_speed.py:75:every_n_impl] [RANK 0] 6575 : iter_speed 9.48 seconds per iteration | Loss: 1.2943
[09-16 15:53:55|INFO|cosmos_framework/callbacks/iter_speed.py:75:every_n_impl] [RANK 0] 6576 : iter_speed 9.48 seconds per iteration | Loss: 1.5239
[09-16 15:54:04|INFO|cosmos_framework/callbacks/iter_speed.py:75:every_n_impl] [RANK 0] 6577 : iter_speed 9.48 seconds per iteration | Loss: 1.1789
[09-16 15:54:13|INFO|cosmos_framework/callbacks/iter_speed.py:75:every_n_impl] [RANK 0] 6578 : iter_speed 9.48 seconds per iteration | Loss: 1.1553
[09-16 15:54:23|INFO|cosmos_framework/callbacks/iter_speed.py:75:every_n_impl] [RANK 0] 6579 : iter_speed 9.49 seconds per iteration | Loss: 1.4423
[09-16 15:54:32|INFO|cosmos_framework/callbacks/iter_speed.py:75:every_n_impl] [RANK 0] 6580 : iter_speed 9.48 seconds per iteration | Loss: 1.5726
[09-16 15:54:42|INFO|cosmos_framework/callbacks/grad_clip.py:325:on_before_optimizer_step] [RANK 1] clip_grad_norm/video/global: 0.62500 (iteration 6580)
[09-16 15:54:42|INFO|cosmos_framework/callbacks/grad_clip.py:325:on_before_optimizer_step] [RANK 0] clip_grad_norm/video/global: 0.62500 (iteration 6580)
[09-16 15:54:42|INFO|cosmos_framework/callbacks/iter_speed.py:75:every_n_impl] [RANK 0] 6581 : iter_speed 9.48 seconds per iteration | Loss: 1.4071
[09-16 15:54:51|INFO|cosmos_framework/callbacks/iter_speed.py:75:every_n_impl] [RANK 0] 6582 : iter_speed 9.48 seconds per iteration | Loss: 1.1811
[09-16 15:55:01|INFO|cosmos_framework/callbacks/iter_speed.py:75:every_n_impl] [RANK 0] 6583 : iter_speed 9.48 seconds per iteration | Loss: 1.5527
[09-16 15:55:10|INFO|cosmos_framework/callbacks/iter_speed.py:75:every_n_impl] [RANK 0] 6584 : iter_speed 9.49 seconds per iteration | Loss: 1.2766
[09-16 15:55:20|INFO|cosmos_framework/callbacks/iter_speed.py:75:every_n_impl] [RANK 0] 6585 : iter_speed 9.47 seconds per iteration | Loss: 1.8528
[09-16 15:55:29|INFO|cosmos_framework/callbacks/iter_speed.py:75:every_n_impl] [RANK 0] 6586 : iter_speed 9.48 seconds per iteration | Loss: 1.5702
[09-16 15:55:39|INFO|cosmos_framework/callbacks/iter_speed.py:75:every_n_impl] [RANK 0] 6587 : iter_speed 9.48 seconds per iteration | Loss: 1.3160
[09-16 15:55:48|INFO|cosmos_framework/callbacks/iter_speed.py:75:every_n_impl] [RANK 0] 6588 : iter_speed 9.49 seconds per iteration | Loss: 1.1957
[09-16 15:55:58|INFO|cosmos_framework/callbacks/iter_speed.py:75:every_n_impl] [RANK 0] 6589 : iter_speed 9.48 seconds per iteration | Loss: 1.5227
[09-16 15:56:07|INFO|cosmos_framework/callbacks/iter_speed.py:75:every_n_impl] [RANK 0] 6590 : iter_speed 9.48 seconds per iteration | Loss: 1.4343
[09-16 15:56:17|INFO|cosmos_framework/callbacks/grad_clip.py:325:on_before_optimizer_step] [RANK 1] clip_grad_norm/video/global: 0.57422 (iteration 6590)
[09-16 15:56:17|INFO|cosmos_framework/callbacks/grad_clip.py:325:on_before_optimizer_step] [RANK 0] clip_grad_norm/video/global: 0.57422 (iteration 6590)
[09-16 15:56:17|INFO|cosmos_framework/callbacks/iter_speed.py:75:every_n_impl] [RANK 0] 6591 : iter_speed 9.48 seconds per iteration | Loss: 1.3274
[09-16 15:56:26|INFO|cosmos_framework/callbacks/iter_speed.py:75:every_n_impl] [RANK 0] 6592 : iter_speed 9.48 seconds per iteration | Loss: 1.1014
[09-16 15:56:36|INFO|cosmos_framework/callbacks/iter_speed.py:75:every_n_impl] [RANK 0] 6593 : iter_speed 9.48 seconds per iteration | Loss: 1.6359
[09-16 15:56:45|INFO|cosmos_framework/callbacks/iter_speed.py:75:every_n_impl] [RANK 0] 6594 : iter_speed 9.50 seconds per iteration | Loss: 1.7023
[09-16 15:56:55|INFO|cosmos_framework/callbacks/iter_speed.py:75:every_n_impl] [RANK 0] 6595 : iter_speed 9.48 seconds per iteration | Loss: 1.6522
[09-16 15:57:04|INFO|cosmos_framework/callbacks/iter_speed.py:75:every_n_impl] [RANK 0] 6596 : iter_speed 9.48 seconds per iteration | Loss: 1.0250
[09-16 15:57:14|INFO|cosmos_framework/callbacks/iter_speed.py:75:every_n_impl] [RANK 0] 6597 : iter_speed 9.48 seconds per iteration | Loss: 1.1240
[09-16 15:57:23|INFO|cosmos_framework/callbacks/iter_speed.py:75:every_n_impl] [RANK 0] 6598 : iter_speed 9.48 seconds per iteration | Loss: 2.2461
[09-16 15:57:33|INFO|cosmos_framework/callbacks/iter_speed.py:75:every_n_impl] [RANK 0] 6599 : iter_speed 9.49 seconds per iteration | Loss: 1.4385
[09-16 15:57:42|INFO|cosmos_framework/callbacks/iter_speed.py:75:every_n_impl] [RANK 0] 6600 : iter_speed 9.49 seconds per iteration | Loss: 1.9695
[09-16 15:57:42|INFO|cosmos_framework/callbacks/device_monitor.py:174:every_n_impl] DeviceMonitor Stats:
                                    Avg            Max            Min
cpu_mem_gb                    29.999533      30.674606      29.324459
peak_gpu_mem_gb               24.094052      24.094575      24.093530
peak_gpu_mem_reserved_gb      26.296875      26.326172      26.267578
nvml_used_gpu_mem_gb          28.212219      28.241516      28.182922
nvml_free_gpu_mem_gb          67.380554      67.409851      67.351257
temp                          75.000000      75.000000      75.000000
power                     577175.000000  586160.000000  568190.000000
util                         100.000000     100.000000     100.000000
clock                       2400.000000    2400.000000    2400.000000
/home/<brev-user>/cosmos-framework/.venv/lib/python3.13/site-packages/torch/distributed/c10d_logger.py:83: UserWarning: barrier(): using the device under current context. You can specify `device_id` in `init_process_group` to mute this warning.
  return func(*args, **kwargs)
[09-16 15:57:52|INFO|cosmos_framework/callbacks/grad_clip.py:325:on_before_optimizer_step] [RANK 0] clip_grad_norm/video/global: 0.52734 (iteration 6600)
[09-16 15:57:52|INFO|cosmos_framework/callbacks/grad_clip.py:325:on_before_optimizer_step] [RANK 1] clip_grad_norm/video/global: 0.52734 (iteration 6600)
[09-16 15:57:52|INFO|cosmos_framework/callbacks/iter_speed.py:75:every_n_impl] [RANK 0] 6601 : iter_speed 9.49 seconds per iteration | Loss: 1.4865
[09-16 15:58:01|INFO|cosmos_framework/callbacks/iter_speed.py:75:every_n_impl] [RANK 0] 6602 : iter_speed 9.49 seconds per iteration | Loss: 1.2917
[09-16 15:58:11|INFO|cosmos_framework/callbacks/iter_speed.py:75:every_n_impl] [RANK 0] 6603 : iter_speed 9.48 seconds per iteration | Loss: 1.3906
[09-16 15:58:20|INFO|cosmos_framework/callbacks/iter_speed.py:75:every_n_impl] [RANK 0] 6604 : iter_speed 9.49 seconds per iteration | Loss: 1.2926
[09-16 15:58:30|INFO|cosmos_framework/callbacks/iter_speed.py:75:every_n_impl] [RANK 0] 6605 : iter_speed 9.50 seconds per iteration | Loss: 1.1788
[09-16 15:58:39|INFO|cosmos_framework/callbacks/iter_speed.py:75:every_n_impl] [RANK 0] 6606 : iter_speed 9.50 seconds per iteration | Loss: 1.2256
[09-16 15:58:49|INFO|cosmos_framework/callbacks/iter_speed.py:75:every_n_impl] [RANK 0] 6607 : iter_speed 9.49 seconds per iteration | Loss: 1.2944
[09-16 15:58:58|INFO|cosmos_framework/callbacks/iter_speed.py:75:every_n_impl] [RANK 0] 6608 : iter_speed 9.47 seconds per iteration | Loss: 1.7236
[09-16 15:59:08|INFO|cosmos_framework/callbacks/iter_speed.py:75:every_n_impl] [RANK 0] 6609 : iter_speed 9.49 seconds per iteration | Loss: 1.3725
[09-16 15:59:17|INFO|cosmos_framework/callbacks/iter_speed.py:75:every_n_impl] [RANK 0] 6610 : iter_speed 9.46 seconds per iteration | Loss: 1.4881
[09-16 15:59:26|INFO|cosmos_framework/callbacks/grad_clip.py:325:on_before_optimizer_step] [RANK 0] clip_grad_norm/video/global: 0.54297 (iteration 6610)
[09-16 15:59:26|INFO|cosmos_framework/callbacks/grad_clip.py:325:on_before_optimizer_step] [RANK 1] clip_grad_norm/video/global: 0.54297 (iteration 6610)
[09-16 15:59:26|INFO|cosmos_framework/callbacks/iter_speed.py:75:every_n_impl] [RANK 0] 6611 : iter_speed 9.48 seconds per iteration | Loss: 1.9456
[09-16 15:59:36|INFO|cosmos_framework/callbacks/iter_speed.py:75:every_n_impl] [RANK 0] 6612 : iter_speed 9.48 seconds per iteration | Loss: 1.1365
[09-16 15:59:45|INFO|cosmos_framework/callbacks/iter_speed.py:75:every_n_impl] [RANK 0] 6613 : iter_speed 9.49 seconds per iteration | Loss: 1.1770
[09-16 15:59:55|INFO|cosmos_framework/callbacks/iter_speed.py:75:every_n_impl] [RANK 0] 6614 : iter_speed 9.48 seconds per iteration | Loss: 1.0579
[09-16 16:00:04|INFO|cosmos_framework/callbacks/iter_speed.py:75:every_n_impl] [RANK 0] 6615 : iter_speed 9.47 seconds per iteration | Loss: 1.2955
[09-16 16:00:14|INFO|cosmos_framework/callbacks/iter_speed.py:75:every_n_impl] [RANK 0] 6616 : iter_speed 9.49 seconds per iteration | Loss: 1.3238
[09-16 16:00:23|INFO|cosmos_framework/callbacks/iter_speed.py:75:every_n_impl] [RANK 0] 6617 : iter_speed 9.47 seconds per iteration | Loss: 1.2101
[09-16 16:00:33|INFO|cosmos_framework/callbacks/iter_speed.py:75:every_n_impl] [RANK 0] 6618 : iter_speed 9.48 seconds per iteration | Loss: 1.1545
[09-16 16:00:42|INFO|cosmos_framework/callbacks/iter_speed.py:75:every_n_impl] [RANK 0] 6619 : iter_speed 9.48 seconds per iteration | Loss: 1.2619
[09-16 16:00:52|INFO|cosmos_framework/callbacks/iter_speed.py:75:every_n_impl] [RANK 0] 6620 : iter_speed 9.48 seconds per iteration | Loss: 1.3447
[09-16 16:01:01|INFO|cosmos_framework/callbacks/grad_clip.py:325:on_before_optimizer_step] [RANK 1] clip_grad_norm/video/global: 0.46875 (iteration 6620)
[09-16 16:01:01|INFO|cosmos_framework/callbacks/grad_clip.py:325:on_before_optimizer_step] [RANK 0] clip_grad_norm/video/global: 0.46875 (iteration 6620)
[09-16 16:01:01|INFO|cosmos_framework/callbacks/iter_speed.py:75:every_n_impl] [RANK 0] 6621 : iter_speed 9.49 seconds per iteration | Loss: 1.3259
[09-16 16:01:11|INFO|cosmos_framework/callbacks/iter_speed.py:75:every_n_impl] [RANK 0] 6622 : iter_speed 9.50 seconds per iteration | Loss: 1.1153
[09-16 16:01:20|INFO|cosmos_framework/callbacks/iter_speed.py:75:every_n_impl] [RANK 0] 6623 : iter_speed 9.50 seconds per iteration | Loss: 0.9932
[09-16 16:01:30|INFO|cosmos_framework/callbacks/iter_speed.py:75:every_n_impl] [RANK 0] 6624 : iter_speed 9.47 seconds per iteration | Loss: 1.4606
[09-16 16:01:39|INFO|cosmos_framework/callbacks/iter_speed.py:75:every_n_impl] [RANK 0] 6625 : iter_speed 9.47 seconds per iteration | Loss: 1.0751
[09-16 16:01:49|INFO|cosmos_framework/callbacks/iter_speed.py:75:every_n_impl] [RANK 0] 6626 : iter_speed 9.48 seconds per iteration | Loss: 1.2480
[09-16 16:01:58|INFO|cosmos_framework/callbacks/iter_speed.py:75:every_n_impl] [RANK 0] 6627 : iter_speed 9.47 seconds per iteration | Loss: 1.1285
[09-16 16:02:08|INFO|cosmos_framework/callbacks/iter_speed.py:75:every_n_impl] [RANK 0] 6628 : iter_speed 9.47 seconds per iteration | Loss: 1.2615
[09-16 16:02:17|INFO|cosmos_framework/callbacks/iter_speed.py:75:every_n_impl] [RANK 0] 6629 : iter_speed 9.47 seconds per iteration | Loss: 1.5724
[09-16 16:02:27|INFO|cosmos_framework/callbacks/iter_speed.py:75:every_n_impl] [RANK 0] 6630 : iter_speed 9.47 seconds per iteration | Loss: 1.2263
[09-16 16:02:36|INFO|cosmos_framework/callbacks/grad_clip.py:325:on_before_optimizer_step] [RANK 1] clip_grad_norm/video/global: 0.51172 (iteration 6630)
[09-16 16:02:36|INFO|cosmos_framework/callbacks/grad_clip.py:325:on_before_optimizer_step] [RANK 0] clip_grad_norm/video/global: 0.51172 (iteration 6630)
[09-16 16:02:36|INFO|cosmos_framework/callbacks/iter_speed.py:75:every_n_impl] [RANK 0] 6631 : iter_speed 9.49 seconds per iteration | Loss: 1.1357
[09-16 16:02:46|INFO|cosmos_framework/callbacks/iter_speed.py:75:every_n_impl] [RANK 0] 6632 : iter_speed 9.49 seconds per iteration | Loss: 1.0636
[09-16 16:02:55|INFO|cosmos_framework/callbacks/iter_speed.py:75:every_n_impl] [RANK 0] 6633 : iter_speed 9.49 seconds per iteration | Loss: 1.3238
[09-16 16:03:05|INFO|cosmos_framework/callbacks/iter_speed.py:75:every_n_impl] [RANK 0] 6634 : iter_speed 9.47 seconds per iteration | Loss: 1.3836
[09-16 16:03:14|INFO|cosmos_framework/callbacks/iter_speed.py:75:every_n_impl] [RANK 0] 6635 : iter_speed 9.48 seconds per iteration | Loss: 1.1193
[09-16 16:03:23|INFO|cosmos_framework/callbacks/iter_speed.py:75:every_n_impl] [RANK 0] 6636 : iter_speed 9.48 seconds per iteration | Loss: 1.6780
[09-16 16:03:33|INFO|cosmos_framework/callbacks/iter_speed.py:75:every_n_impl] [RANK 0] 6637 : iter_speed 9.47 seconds per iteration | Loss: 1.3940
[09-16 16:03:42|INFO|cosmos_framework/callbacks/iter_speed.py:75:every_n_impl] [RANK 0] 6638 : iter_speed 9.47 seconds per iteration | Loss: 1.0850
[09-16 16:03:52|INFO|cosmos_framework/callbacks/iter_speed.py:75:every_n_impl] [RANK 0] 6639 : iter_speed 9.47 seconds per iteration | Loss: 1.1330
[09-16 16:04:01|INFO|cosmos_framework/callbacks/iter_speed.py:75:every_n_impl] [RANK 0] 6640 : iter_speed 9.47 seconds per iteration | Loss: 1.2009
[09-16 16:04:11|INFO|cosmos_framework/callbacks/grad_clip.py:325:on_before_optimizer_step] [RANK 0] clip_grad_norm/video/global: 0.55078 (iteration 6640)
[09-16 16:04:11|INFO|cosmos_framework/callbacks/grad_clip.py:325:on_before_optimizer_step] [RANK 1] clip_grad_norm/video/global: 0.55078 (iteration 6640)
[09-16 16:04:11|INFO|cosmos_framework/callbacks/iter_speed.py:75:every_n_impl] [RANK 0] 6641 : iter_speed 9.48 seconds per iteration | Loss: 0.9580
[09-16 16:04:20|INFO|cosmos_framework/callbacks/iter_speed.py:75:every_n_impl] [RANK 0] 6642 : iter_speed 9.48 seconds per iteration | Loss: 1.1472
[09-16 16:04:30|INFO|cosmos_framework/callbacks/iter_speed.py:75:every_n_impl] [RANK 0] 6643 : iter_speed 9.48 seconds per iteration | Loss: 1.4271
[09-16 16:04:39|INFO|cosmos_framework/callbacks/iter_speed.py:75:every_n_impl] [RANK 0] 6644 : iter_speed 9.48 seconds per iteration | Loss: 1.0990
[09-16 16:04:49|INFO|cosmos_framework/callbacks/iter_speed.py:75:every_n_impl] [RANK 0] 6645 : iter_speed 9.50 seconds per iteration | Loss: 0.8814
[09-16 16:04:58|INFO|cosmos_framework/callbacks/iter_speed.py:75:every_n_impl] [RANK 0] 6646 : iter_speed 9.50 seconds per iteration | Loss: 1.2071
[09-16 16:05:08|INFO|cosmos_framework/callbacks/iter_speed.py:75:every_n_impl] [RANK 0] 6647 : iter_speed 9.49 seconds per iteration | Loss: 1.6033
[09-16 16:05:17|INFO|cosmos_framework/callbacks/iter_speed.py:75:every_n_impl] [RANK 0] 6648 : iter_speed 9.48 seconds per iteration | Loss: 1.6690
[09-16 16:05:27|INFO|cosmos_framework/callbacks/iter_speed.py:75:every_n_impl] [RANK 0] 6649 : iter_speed 9.48 seconds per iteration | Loss: 1.0365
[09-16 16:05:36|INFO|cosmos_framework/callbacks/iter_speed.py:75:every_n_impl] [RANK 0] 6650 : iter_speed 9.47 seconds per iteration | Loss: 1.1281
[09-16 16:05:46|INFO|cosmos_framework/callbacks/grad_clip.py:325:on_before_optimizer_step] [RANK 1] clip_grad_norm/video/global: 0.63281 (iteration 6650)
[09-16 16:05:46|INFO|cosmos_framework/callbacks/grad_clip.py:325:on_before_optimizer_step] [RANK 0] clip_grad_norm/video/global: 0.63281 (iteration 6650)
[09-16 16:05:46|INFO|cosmos_framework/callbacks/iter_speed.py:75:every_n_impl] [RANK 0] 6651 : iter_speed 9.48 seconds per iteration | Loss: 1.3463
[09-16 16:05:55|INFO|cosmos_framework/callbacks/iter_speed.py:75:every_n_impl] [RANK 0] 6652 : iter_speed 9.47 seconds per iteration | Loss: 0.9764
[09-16 16:06:05|INFO|cosmos_framework/callbacks/iter_speed.py:75:every_n_impl] [RANK 0] 6653 : iter_speed 9.47 seconds per iteration | Loss: 0.9617
[09-16 16:06:14|INFO|cosmos_framework/callbacks/iter_speed.py:75:every_n_impl] [RANK 0] 6654 : iter_speed 9.48 seconds per iteration | Loss: 1.1521
[09-16 16:06:24|INFO|cosmos_framework/callbacks/iter_speed.py:75:every_n_impl] [RANK 0] 6655 : iter_speed 9.48 seconds per iteration | Loss: 1.4198
[09-16 16:06:33|INFO|cosmos_framework/callbacks/iter_speed.py:75:every_n_impl] [RANK 0] 6656 : iter_speed 9.49 seconds per iteration | Loss: 1.0425
[09-16 16:06:43|INFO|cosmos_framework/callbacks/iter_speed.py:75:every_n_impl] [RANK 0] 6657 : iter_speed 9.48 seconds per iteration | Loss: 0.8640
[09-16 16:06:52|INFO|cosmos_framework/callbacks/iter_speed.py:75:every_n_impl] [RANK 0] 6658 : iter_speed 9.48 seconds per iteration | Loss: 1.8276
[09-16 16:07:02|INFO|cosmos_framework/callbacks/iter_speed.py:75:every_n_impl] [RANK 0] 6659 : iter_speed 9.47 seconds per iteration | Loss: 1.4000
[09-16 16:07:11|INFO|cosmos_framework/callbacks/iter_speed.py:75:every_n_impl] [RANK 0] 6660 : iter_speed 9.48 seconds per iteration | Loss: 1.2555
[09-16 16:07:20|INFO|cosmos_framework/callbacks/grad_clip.py:325:on_before_optimizer_step] [RANK 0] clip_grad_norm/video/global: 0.53125 (iteration 6660)
[09-16 16:07:20|INFO|cosmos_framework/callbacks/grad_clip.py:325:on_before_optimizer_step] [RANK 1] clip_grad_norm/video/global: 0.53125 (iteration 6660)
[09-16 16:07:20|INFO|cosmos_framework/callbacks/iter_speed.py:75:every_n_impl] [RANK 0] 6661 : iter_speed 9.48 seconds per iteration | Loss: 1.1488
[09-16 16:07:30|INFO|cosmos_framework/callbacks/iter_speed.py:75:every_n_impl] [RANK 0] 6662 : iter_speed 9.49 seconds per iteration | Loss: 1.1654
[09-16 16:07:39|INFO|cosmos_framework/callbacks/iter_speed.py:75:every_n_impl] [RANK 0] 6663 : iter_speed 9.48 seconds per iteration | Loss: 1.1975
[09-16 16:07:49|INFO|cosmos_framework/callbacks/iter_speed.py:75:every_n_impl] [RANK 0] 6664 : iter_speed 9.49 seconds per iteration | Loss: 1.5694
[09-16 16:07:58|INFO|cosmos_framework/callbacks/iter_speed.py:75:every_n_impl] [RANK 0] 6665 : iter_speed 9.48 seconds per iteration | Loss: 1.1936
[09-16 16:08:08|INFO|cosmos_framework/callbacks/iter_speed.py:75:every_n_impl] [RANK 0] 6666 : iter_speed 9.49 seconds per iteration | Loss: 1.8594
[09-16 16:08:17|INFO|cosmos_framework/callbacks/iter_speed.py:75:every_n_impl] [RANK 0] 6667 : iter_speed 9.48 seconds per iteration | Loss: 1.5184
[09-16 16:08:27|INFO|cosmos_framework/callbacks/iter_speed.py:75:every_n_impl] [RANK 0] 6668 : iter_speed 9.49 seconds per iteration | Loss: 1.1314
[09-16 16:08:36|INFO|cosmos_framework/callbacks/iter_speed.py:75:every_n_impl] [RANK 0] 6669 : iter_speed 9.48 seconds per iteration | Loss: 1.2461
[09-16 16:08:46|INFO|cosmos_framework/callbacks/iter_speed.py:75:every_n_impl] [RANK 0] 6670 : iter_speed 9.47 seconds per iteration | Loss: 1.3951
[09-16 16:08:55|INFO|cosmos_framework/callbacks/grad_clip.py:325:on_before_optimizer_step] [RANK 1] clip_grad_norm/video/global: 0.58203 (iteration 6670)
[09-16 16:08:55|INFO|cosmos_framework/callbacks/grad_clip.py:325:on_before_optimizer_step] [RANK 0] clip_grad_norm/video/global: 0.58203 (iteration 6670)
[09-16 16:08:55|INFO|cosmos_framework/callbacks/iter_speed.py:75:every_n_impl] [RANK 0] 6671 : iter_speed 9.48 seconds per iteration | Loss: 1.1794
[09-16 16:09:05|INFO|cosmos_framework/callbacks/iter_speed.py:75:every_n_impl] [RANK 0] 6672 : iter_speed 9.47 seconds per iteration | Loss: 1.0374
[09-16 16:09:14|INFO|cosmos_framework/callbacks/iter_speed.py:75:every_n_impl] [RANK 0] 6673 : iter_speed 9.49 seconds per iteration | Loss: 2.2068
[09-16 16:09:24|INFO|cosmos_framework/callbacks/iter_speed.py:75:every_n_impl] [RANK 0] 6674 : iter_speed 9.48 seconds per iteration | Loss: 1.2117
[09-16 16:09:33|INFO|cosmos_framework/callbacks/iter_speed.py:75:every_n_impl] [RANK 0] 6675 : iter_speed 9.47 seconds per iteration | Loss: 1.0405
[09-16 16:09:43|INFO|cosmos_framework/callbacks/iter_speed.py:75:every_n_impl] [RANK 0] 6676 : iter_speed 9.48 seconds per iteration | Loss: 1.0045
[09-16 16:09:52|INFO|cosmos_framework/callbacks/iter_speed.py:75:every_n_impl] [RANK 0] 6677 : iter_speed 9.48 seconds per iteration | Loss: 1.2947
[09-16 16:10:02|INFO|cosmos_framework/callbacks/iter_speed.py:75:every_n_impl] [RANK 0] 6678 : iter_speed 9.48 seconds per iteration | Loss: 1.2384
[09-16 16:10:11|INFO|cosmos_framework/callbacks/iter_speed.py:75:every_n_impl] [RANK 0] 6679 : iter_speed 9.47 seconds per iteration | Loss: 1.0957
[09-16 16:10:21|INFO|cosmos_framework/callbacks/iter_speed.py:75:every_n_impl] [RANK 0] 6680 : iter_speed 9.48 seconds per iteration | Loss: 1.2856
[09-16 16:10:30|INFO|cosmos_framework/callbacks/grad_clip.py:325:on_before_optimizer_step] [RANK 1] clip_grad_norm/video/global: 0.53906 (iteration 6680)
[09-16 16:10:30|INFO|cosmos_framework/callbacks/grad_clip.py:325:on_before_optimizer_step] [RANK 0] clip_grad_norm/video/global: 0.53906 (iteration 6680)
[09-16 16:10:30|INFO|cosmos_framework/callbacks/iter_speed.py:75:every_n_impl] [RANK 0] 6681 : iter_speed 9.48 seconds per iteration | Loss: 1.4546
[09-16 16:10:40|INFO|cosmos_framework/callbacks/iter_speed.py:75:every_n_impl] [RANK 0] 6682 : iter_speed 9.48 seconds per iteration | Loss: 1.0490
[09-16 16:10:49|INFO|cosmos_framework/callbacks/iter_speed.py:75:every_n_impl] [RANK 0] 6683 : iter_speed 9.47 seconds per iteration | Loss: 1.0328
[09-16 16:10:59|INFO|cosmos_framework/callbacks/iter_speed.py:75:every_n_impl] [RANK 0] 6684 : iter_speed 9.50 seconds per iteration | Loss: 1.1290
[09-16 16:11:08|INFO|cosmos_framework/callbacks/iter_speed.py:75:every_n_impl] [RANK 0] 6685 : iter_speed 9.47 seconds per iteration | Loss: 1.1242
[09-16 16:11:18|INFO|cosmos_framework/callbacks/iter_speed.py:75:every_n_impl] [RANK 0] 6686 : iter_speed 9.48 seconds per iteration | Loss: 1.0330
[09-16 16:11:27|INFO|cosmos_framework/callbacks/iter_speed.py:75:every_n_impl] [RANK 0] 6687 : iter_speed 9.47 seconds per iteration | Loss: 1.2429
[09-16 16:11:36|INFO|cosmos_framework/callbacks/iter_speed.py:75:every_n_impl] [RANK 0] 6688 : iter_speed 9.47 seconds per iteration | Loss: 1.2192
[09-16 16:11:46|INFO|cosmos_framework/callbacks/iter_speed.py:75:every_n_impl] [RANK 0] 6689 : iter_speed 9.48 seconds per iteration | Loss: 1.1898
[09-16 16:11:55|INFO|cosmos_framework/callbacks/iter_speed.py:75:every_n_impl] [RANK 0] 6690 : iter_speed 9.47 seconds per iteration | Loss: 1.2602
[09-16 16:12:05|INFO|cosmos_framework/callbacks/grad_clip.py:325:on_before_optimizer_step] [RANK 0] clip_grad_norm/video/global: 0.49609 (iteration 6690)
[09-16 16:12:05|INFO|cosmos_framework/callbacks/grad_clip.py:325:on_before_optimizer_step] [RANK 1] clip_grad_norm/video/global: 0.49609 (iteration 6690)
[09-16 16:12:05|INFO|cosmos_framework/callbacks/iter_speed.py:75:every_n_impl] [RANK 0] 6691 : iter_speed 9.49 seconds per iteration | Loss: 1.5398
[09-16 16:12:14|INFO|cosmos_framework/callbacks/iter_speed.py:75:every_n_impl] [RANK 0] 6692 : iter_speed 9.49 seconds per iteration | Loss: 1.2751
[09-16 16:12:24|INFO|cosmos_framework/callbacks/iter_speed.py:75:every_n_impl] [RANK 0] 6693 : iter_speed 9.48 seconds per iteration | Loss: 1.1082
[09-16 16:12:33|INFO|cosmos_framework/callbacks/iter_speed.py:75:every_n_impl] [RANK 0] 6694 : iter_speed 9.48 seconds per iteration | Loss: 1.2866
[09-16 16:12:43|INFO|cosmos_framework/callbacks/iter_speed.py:75:every_n_impl] [RANK 0] 6695 : iter_speed 9.47 seconds per iteration | Loss: 1.4098
[09-16 16:12:52|INFO|cosmos_framework/callbacks/iter_speed.py:75:every_n_impl] [RANK 0] 6696 : iter_speed 9.48 seconds per iteration | Loss: 1.1463
[09-16 16:13:02|INFO|cosmos_framework/callbacks/iter_speed.py:75:every_n_impl] [RANK 0] 6697 : iter_speed 9.47 seconds per iteration | Loss: 1.3633
[09-16 16:13:11|INFO|cosmos_framework/callbacks/iter_speed.py:75:every_n_impl] [RANK 0] 6698 : iter_speed 9.48 seconds per iteration | Loss: 1.4498
[09-16 16:13:21|INFO|cosmos_framework/callbacks/iter_speed.py:75:every_n_impl] [RANK 0] 6699 : iter_speed 9.49 seconds per iteration | Loss: 1.1282
[09-16 16:13:30|INFO|cosmos_framework/callbacks/iter_speed.py:75:every_n_impl] [RANK 0] 6700 : iter_speed 9.48 seconds per iteration | Loss: 1.2765
[09-16 16:13:40|INFO|cosmos_framework/callbacks/grad_clip.py:325:on_before_optimizer_step] [RANK 0] clip_grad_norm/video/global: 0.66406 (iteration 6700)
[09-16 16:13:40|INFO|cosmos_framework/callbacks/grad_clip.py:325:on_before_optimizer_step] [RANK 1] clip_grad_norm/video/global: 0.66406 (iteration 6700)
[09-16 16:13:40|INFO|cosmos_framework/callbacks/iter_speed.py:75:every_n_impl] [RANK 0] 6701 : iter_speed 9.49 seconds per iteration | Loss: 1.0527
[09-16 16:13:49|INFO|cosmos_framework/callbacks/iter_speed.py:75:every_n_impl] [RANK 0] 6702 : iter_speed 9.48 seconds per iteration | Loss: 1.3423
[09-16 16:13:59|INFO|cosmos_framework/callbacks/iter_speed.py:75:every_n_impl] [RANK 0] 6703 : iter_speed 9.49 seconds per iteration | Loss: 1.2585
[09-16 16:14:08|INFO|cosmos_framework/callbacks/iter_speed.py:75:every_n_impl] [RANK 0] 6704 : iter_speed 9.48 seconds per iteration | Loss: 1.3546
[09-16 16:14:18|INFO|cosmos_framework/callbacks/iter_speed.py:75:every_n_impl] [RANK 0] 6705 : iter_speed 9.48 seconds per iteration | Loss: 1.2925
[09-16 16:14:27|INFO|cosmos_framework/callbacks/iter_speed.py:75:every_n_impl] [RANK 0] 6706 : iter_speed 9.48 seconds per iteration | Loss: 1.6233
[09-16 16:14:37|INFO|cosmos_framework/callbacks/iter_speed.py:75:every_n_impl] [RANK 0] 6707 : iter_speed 9.47 seconds per iteration | Loss: 1.3831
[09-16 16:14:46|INFO|cosmos_framework/callbacks/iter_speed.py:75:every_n_impl] [RANK 0] 6708 : iter_speed 9.48 seconds per iteration | Loss: 1.3336
[09-16 16:14:56|INFO|cosmos_framework/callbacks/iter_speed.py:75:every_n_impl] [RANK 0] 6709 : iter_speed 9.48 seconds per iteration | Loss: 1.1014
[09-16 16:15:05|INFO|cosmos_framework/callbacks/iter_speed.py:75:every_n_impl] [RANK 0] 6710 : iter_speed 9.48 seconds per iteration | Loss: 1.1988
[09-16 16:15:14|INFO|cosmos_framework/callbacks/grad_clip.py:325:on_before_optimizer_step] [RANK 0] clip_grad_norm/video/global: 0.57422 (iteration 6710)
[09-16 16:15:14|INFO|cosmos_framework/callbacks/grad_clip.py:325:on_before_optimizer_step] [RANK 1] clip_grad_norm/video/global: 0.57422 (iteration 6710)
[09-16 16:15:14|INFO|cosmos_framework/callbacks/iter_speed.py:75:every_n_impl] [RANK 0] 6711 : iter_speed 9.48 seconds per iteration | Loss: 0.9999
[09-16 16:15:24|INFO|cosmos_framework/callbacks/iter_speed.py:75:every_n_impl] [RANK 0] 6712 : iter_speed 9.48 seconds per iteration | Loss: 1.1051
[09-16 16:15:33|INFO|cosmos_framework/callbacks/iter_speed.py:75:every_n_impl] [RANK 0] 6713 : iter_speed 9.49 seconds per iteration | Loss: 1.0825
[09-16 16:15:43|INFO|cosmos_framework/callbacks/iter_speed.py:75:every_n_impl] [RANK 0] 6714 : iter_speed 9.48 seconds per iteration | Loss: 1.0442
[09-16 16:15:52|INFO|cosmos_framework/callbacks/iter_speed.py:75:every_n_impl] [RANK 0] 6715 : iter_speed 9.48 seconds per iteration | Loss: 1.4920
[09-16 16:16:02|INFO|cosmos_framework/callbacks/iter_speed.py:75:every_n_impl] [RANK 0] 6716 : iter_speed 9.49 seconds per iteration | Loss: 0.9915
[09-16 16:16:11|INFO|cosmos_framework/callbacks/iter_speed.py:75:every_n_impl] [RANK 0] 6717 : iter_speed 9.48 seconds per iteration | Loss: 1.3865
[09-16 16:16:21|INFO|cosmos_framework/callbacks/iter_speed.py:75:every_n_impl] [RANK 0] 6718 : iter_speed 9.49 seconds per iteration | Loss: 1.3208
[09-16 16:16:30|INFO|cosmos_framework/callbacks/iter_speed.py:75:every_n_impl] [RANK 0] 6719 : iter_speed 9.48 seconds per iteration | Loss: 1.3736
[09-16 16:16:40|INFO|cosmos_framework/callbacks/iter_speed.py:75:every_n_impl] [RANK 0] 6720 : iter_speed 9.48 seconds per iteration | Loss: 0.9907
[09-16 16:16:49|INFO|cosmos_framework/callbacks/grad_clip.py:325:on_before_optimizer_step] [RANK 1] clip_grad_norm/video/global: 0.51562 (iteration 6720)
[09-16 16:16:49|INFO|cosmos_framework/callbacks/grad_clip.py:325:on_before_optimizer_step] [RANK 0] clip_grad_norm/video/global: 0.51562 (iteration 6720)
[09-16 16:16:49|INFO|cosmos_framework/callbacks/iter_speed.py:75:every_n_impl] [RANK 0] 6721 : iter_speed 9.48 seconds per iteration | Loss: 1.3425
[09-16 16:16:59|INFO|cosmos_framework/callbacks/iter_speed.py:75:every_n_impl] [RANK 0] 6722 : iter_speed 9.47 seconds per iteration | Loss: 1.1769
[09-16 16:17:08|INFO|cosmos_framework/callbacks/iter_speed.py:75:every_n_impl] [RANK 0] 6723 : iter_speed 9.49 seconds per iteration | Loss: 0.9564
[09-16 16:17:18|INFO|cosmos_framework/callbacks/iter_speed.py:75:every_n_impl] [RANK 0] 6724 : iter_speed 9.48 seconds per iteration | Loss: 1.0619
[09-16 16:17:27|INFO|cosmos_framework/callbacks/iter_speed.py:75:every_n_impl] [RANK 0] 6725 : iter_speed 9.48 seconds per iteration | Loss: 0.9908
[09-16 16:17:37|INFO|cosmos_framework/callbacks/iter_speed.py:75:every_n_impl] [RANK 0] 6726 : iter_speed 9.49 seconds per iteration | Loss: 1.0188
[09-16 16:17:46|INFO|cosmos_framework/callbacks/iter_speed.py:75:every_n_impl] [RANK 0] 6727 : iter_speed 9.48 seconds per iteration | Loss: 1.1429
[09-16 16:17:56|INFO|cosmos_framework/callbacks/iter_speed.py:75:every_n_impl] [RANK 0] 6728 : iter_speed 9.48 seconds per iteration | Loss: 1.0363
[09-16 16:18:05|INFO|cosmos_framework/callbacks/iter_speed.py:75:every_n_impl] [RANK 0] 6729 : iter_speed 9.49 seconds per iteration | Loss: 1.0312
[09-16 16:18:15|INFO|cosmos_framework/callbacks/iter_speed.py:75:every_n_impl] [RANK 0] 6730 : iter_speed 9.49 seconds per iteration | Loss: 1.1111
[09-16 16:18:24|INFO|cosmos_framework/callbacks/grad_clip.py:325:on_before_optimizer_step] [RANK 0] clip_grad_norm/video/global: 0.40039 (iteration 6730)
[09-16 16:18:24|INFO|cosmos_framework/callbacks/grad_clip.py:325:on_before_optimizer_step] [RANK 1] clip_grad_norm/video/global: 0.40039 (iteration 6730)
[09-16 16:18:24|INFO|cosmos_framework/callbacks/iter_speed.py:75:every_n_impl] [RANK 0] 6731 : iter_speed 9.49 seconds per iteration | Loss: 1.6930
[09-16 16:18:34|INFO|cosmos_framework/callbacks/iter_speed.py:75:every_n_impl] [RANK 0] 6732 : iter_speed 9.48 seconds per iteration | Loss: 2.8331
[09-16 16:18:43|INFO|cosmos_framework/callbacks/iter_speed.py:75:every_n_impl] [RANK 0] 6733 : iter_speed 9.49 seconds per iteration | Loss: 1.1640
[09-16 16:18:53|INFO|cosmos_framework/callbacks/iter_speed.py:75:every_n_impl] [RANK 0] 6734 : iter_speed 9.49 seconds per iteration | Loss: 1.2247
[09-16 16:19:02|INFO|cosmos_framework/callbacks/iter_speed.py:75:every_n_impl] [RANK 0] 6735 : iter_speed 9.49 seconds per iteration | Loss: 1.2551
[09-16 16:19:12|INFO|cosmos_framework/callbacks/iter_speed.py:75:every_n_impl] [RANK 0] 6736 : iter_speed 9.49 seconds per iteration | Loss: 1.8005
[09-16 16:19:21|INFO|cosmos_framework/callbacks/iter_speed.py:75:every_n_impl] [RANK 0] 6737 : iter_speed 9.49 seconds per iteration | Loss: 1.1880
[09-16 16:19:31|INFO|cosmos_framework/callbacks/iter_speed.py:75:every_n_impl] [RANK 0] 6738 : iter_speed 9.49 seconds per iteration | Loss: 1.2615
[09-16 16:19:40|INFO|cosmos_framework/callbacks/iter_speed.py:75:every_n_impl] [RANK 0] 6739 : iter_speed 9.48 seconds per iteration | Loss: 2.1782
[09-16 16:19:50|INFO|cosmos_framework/callbacks/iter_speed.py:75:every_n_impl] [RANK 0] 6740 : iter_speed 9.48 seconds per iteration | Loss: 1.2033
[09-16 16:19:59|INFO|cosmos_framework/callbacks/grad_clip.py:325:on_before_optimizer_step] [RANK 0] clip_grad_norm/video/global: 0.66797 (iteration 6740)
[09-16 16:19:59|INFO|cosmos_framework/callbacks/grad_clip.py:325:on_before_optimizer_step] [RANK 1] clip_grad_norm/video/global: 0.66797 (iteration 6740)
[09-16 16:19:59|INFO|cosmos_framework/callbacks/iter_speed.py:75:every_n_impl] [RANK 0] 6741 : iter_speed 9.49 seconds per iteration | Loss: 2.2594
[09-16 16:20:09|INFO|cosmos_framework/callbacks/iter_speed.py:75:every_n_impl] [RANK 0] 6742 : iter_speed 9.49 seconds per iteration | Loss: 1.3823
[09-16 16:20:18|INFO|cosmos_framework/callbacks/iter_speed.py:75:every_n_impl] [RANK 0] 6743 : iter_speed 9.49 seconds per iteration | Loss: 1.3275
[09-16 16:20:27|INFO|cosmos_framework/callbacks/iter_speed.py:75:every_n_impl] [RANK 0] 6744 : iter_speed 9.49 seconds per iteration | Loss: 1.2622
[09-16 16:20:37|INFO|cosmos_framework/callbacks/iter_speed.py:75:every_n_impl] [RANK 0] 6745 : iter_speed 9.49 seconds per iteration | Loss: 1.6313
[09-16 16:20:46|INFO|cosmos_framework/callbacks/iter_speed.py:75:every_n_impl] [RANK 0] 6746 : iter_speed 9.49 seconds per iteration | Loss: 1.0726
[09-16 16:20:56|INFO|cosmos_framework/callbacks/iter_speed.py:75:every_n_impl] [RANK 0] 6747 : iter_speed 9.49 seconds per iteration | Loss: 1.7596
[09-16 16:21:05|INFO|cosmos_framework/callbacks/iter_speed.py:75:every_n_impl] [RANK 0] 6748 : iter_speed 9.49 seconds per iteration | Loss: 1.1693
[09-16 16:21:15|INFO|cosmos_framework/callbacks/iter_speed.py:75:every_n_impl] [RANK 0] 6749 : iter_speed 9.49 seconds per iteration | Loss: 1.7238
[09-16 16:21:24|INFO|cosmos_framework/callbacks/iter_speed.py:75:every_n_impl] [RANK 0] 6750 : iter_speed 9.48 seconds per iteration | Loss: 1.0207
[09-16 16:21:34|INFO|cosmos_framework/callbacks/grad_clip.py:325:on_before_optimizer_step] [RANK 1] clip_grad_norm/video/global: 0.61719 (iteration 6750)
[09-16 16:21:34|INFO|cosmos_framework/callbacks/grad_clip.py:325:on_before_optimizer_step] [RANK 0] clip_grad_norm/video/global: 0.61719 (iteration 6750)
[09-16 16:21:34|INFO|cosmos_framework/callbacks/iter_speed.py:75:every_n_impl] [RANK 0] 6751 : iter_speed 9.48 seconds per iteration | Loss: 1.2930
[09-16 16:21:43|INFO|cosmos_framework/callbacks/iter_speed.py:75:every_n_impl] [RANK 0] 6752 : iter_speed 9.48 seconds per iteration | Loss: 1.1391
[09-16 16:21:53|INFO|cosmos_framework/callbacks/iter_speed.py:75:every_n_impl] [RANK 0] 6753 : iter_speed 9.49 seconds per iteration | Loss: 1.1858
[09-16 16:22:02|INFO|cosmos_framework/callbacks/iter_speed.py:75:every_n_impl] [RANK 0] 6754 : iter_speed 9.49 seconds per iteration | Loss: 1.2670
[09-16 16:22:12|INFO|cosmos_framework/callbacks/iter_speed.py:75:every_n_impl] [RANK 0] 6755 : iter_speed 9.48 seconds per iteration | Loss: 1.2440
[09-16 16:22:21|INFO|cosmos_framework/callbacks/iter_speed.py:75:every_n_impl] [RANK 0] 6756 : iter_speed 9.48 seconds per iteration | Loss: 1.5925
[09-16 16:22:31|INFO|cosmos_framework/callbacks/iter_speed.py:75:every_n_impl] [RANK 0] 6757 : iter_speed 9.47 seconds per iteration | Loss: 1.6634
[09-16 16:22:40|INFO|cosmos_framework/callbacks/iter_speed.py:75:every_n_impl] [RANK 0] 6758 : iter_speed 9.48 seconds per iteration | Loss: 1.0641
[09-16 16:22:50|INFO|cosmos_framework/callbacks/iter_speed.py:75:every_n_impl] [RANK 0] 6759 : iter_speed 9.48 seconds per iteration | Loss: 1.0797
[09-16 16:22:59|INFO|cosmos_framework/callbacks/iter_speed.py:75:every_n_impl] [RANK 0] 6760 : iter_speed 9.49 seconds per iteration | Loss: 1.1319
[09-16 16:23:09|INFO|cosmos_framework/callbacks/grad_clip.py:325:on_before_optimizer_step] [RANK 1] clip_grad_norm/video/global: 0.57031 (iteration 6760)
[09-16 16:23:09|INFO|cosmos_framework/callbacks/grad_clip.py:325:on_before_optimizer_step] [RANK 0] clip_grad_norm/video/global: 0.57031 (iteration 6760)
[09-16 16:23:09|INFO|cosmos_framework/callbacks/iter_speed.py:75:every_n_impl] [RANK 0] 6761 : iter_speed 9.49 seconds per iteration | Loss: 1.0000
[09-16 16:23:18|INFO|cosmos_framework/callbacks/iter_speed.py:75:every_n_impl] [RANK 0] 6762 : iter_speed 9.47 seconds per iteration | Loss: 1.2084
[09-16 16:23:28|INFO|cosmos_framework/callbacks/iter_speed.py:75:every_n_impl] [RANK 0] 6763 : iter_speed 9.48 seconds per iteration | Loss: 1.0525
[09-16 16:23:37|INFO|cosmos_framework/callbacks/iter_speed.py:75:every_n_impl] [RANK 0] 6764 : iter_speed 9.48 seconds per iteration | Loss: 1.2726
[09-16 16:23:47|INFO|cosmos_framework/callbacks/iter_speed.py:75:every_n_impl] [RANK 0] 6765 : iter_speed 9.49 seconds per iteration | Loss: 1.1795
[09-16 16:23:56|INFO|cosmos_framework/callbacks/iter_speed.py:75:every_n_impl] [RANK 0] 6766 : iter_speed 9.49 seconds per iteration | Loss: 1.3698
[09-16 16:24:06|INFO|cosmos_framework/callbacks/iter_speed.py:75:every_n_impl] [RANK 0] 6767 : iter_speed 9.48 seconds per iteration | Loss: 1.4240
[09-16 16:24:15|INFO|cosmos_framework/callbacks/iter_speed.py:75:every_n_impl] [RANK 0] 6768 : iter_speed 9.48 seconds per iteration | Loss: 1.2184
[09-16 16:24:25|INFO|cosmos_framework/callbacks/iter_speed.py:75:every_n_impl] [RANK 0] 6769 : iter_speed 9.48 seconds per iteration | Loss: 1.4053
[09-16 16:24:34|INFO|cosmos_framework/callbacks/iter_speed.py:75:every_n_impl] [RANK 0] 6770 : iter_speed 9.49 seconds per iteration | Loss: 1.3086
[09-16 16:24:44|INFO|cosmos_framework/callbacks/grad_clip.py:325:on_before_optimizer_step] [RANK 0] clip_grad_norm/video/global: 0.66406 (iteration 6770)
[09-16 16:24:44|INFO|cosmos_framework/callbacks/grad_clip.py:325:on_before_optimizer_step] [RANK 1] clip_grad_norm/video/global: 0.66406 (iteration 6770)
[09-16 16:24:44|INFO|cosmos_framework/callbacks/iter_speed.py:75:every_n_impl] [RANK 0] 6771 : iter_speed 9.49 seconds per iteration | Loss: 1.2546
[09-16 16:24:53|INFO|cosmos_framework/callbacks/iter_speed.py:75:every_n_impl] [RANK 0] 6772 : iter_speed 9.49 seconds per iteration | Loss: 1.1620
[09-16 16:25:03|INFO|cosmos_framework/callbacks/iter_speed.py:75:every_n_impl] [RANK 0] 6773 : iter_speed 9.48 seconds per iteration | Loss: 1.3533
[09-16 16:25:12|INFO|cosmos_framework/callbacks/iter_speed.py:75:every_n_impl] [RANK 0] 6774 : iter_speed 9.48 seconds per iteration | Loss: 1.3488
[09-16 16:25:21|INFO|cosmos_framework/callbacks/iter_speed.py:75:every_n_impl] [RANK 0] 6775 : iter_speed 9.47 seconds per iteration | Loss: 1.1641
[09-16 16:25:31|INFO|cosmos_framework/callbacks/iter_speed.py:75:every_n_impl] [RANK 0] 6776 : iter_speed 9.48 seconds per iteration | Loss: 1.3123
[09-16 16:25:40|INFO|cosmos_framework/callbacks/iter_speed.py:75:every_n_impl] [RANK 0] 6777 : iter_speed 9.49 seconds per iteration | Loss: 1.3739
[09-16 16:25:50|INFO|cosmos_framework/callbacks/iter_speed.py:75:every_n_impl] [RANK 0] 6778 : iter_speed 9.49 seconds per iteration | Loss: 1.3090
[09-16 16:25:59|INFO|cosmos_framework/callbacks/iter_speed.py:75:every_n_impl] [RANK 0] 6779 : iter_speed 9.48 seconds per iteration | Loss: 1.1085
[09-16 16:26:09|INFO|cosmos_framework/callbacks/iter_speed.py:75:every_n_impl] [RANK 0] 6780 : iter_speed 9.48 seconds per iteration | Loss: 1.7898
[09-16 16:26:18|INFO|cosmos_framework/callbacks/grad_clip.py:325:on_before_optimizer_step] [RANK 1] clip_grad_norm/video/global: 0.59766 (iteration 6780)
[09-16 16:26:18|INFO|cosmos_framework/callbacks/grad_clip.py:325:on_before_optimizer_step] [RANK 0] clip_grad_norm/video/global: 0.59766 (iteration 6780)
[09-16 16:26:18|INFO|cosmos_framework/callbacks/iter_speed.py:75:every_n_impl] [RANK 0] 6781 : iter_speed 9.50 seconds per iteration | Loss: 1.0390
[09-16 16:26:28|INFO|cosmos_framework/callbacks/iter_speed.py:75:every_n_impl] [RANK 0] 6782 : iter_speed 9.47 seconds per iteration | Loss: 1.1209
[09-16 16:26:37|INFO|cosmos_framework/callbacks/iter_speed.py:75:every_n_impl] [RANK 0] 6783 : iter_speed 9.47 seconds per iteration | Loss: 1.2796
[09-16 16:26:47|INFO|cosmos_framework/callbacks/iter_speed.py:75:every_n_impl] [RANK 0] 6784 : iter_speed 9.47 seconds per iteration | Loss: 1.2297
[09-16 16:26:56|INFO|cosmos_framework/callbacks/iter_speed.py:75:every_n_impl] [RANK 0] 6785 : iter_speed 9.48 seconds per iteration | Loss: 1.3692
[09-16 16:27:06|INFO|cosmos_framework/callbacks/iter_speed.py:75:every_n_impl] [RANK 0] 6786 : iter_speed 9.48 seconds per iteration | Loss: 1.3933
[09-16 16:27:15|INFO|cosmos_framework/callbacks/iter_speed.py:75:every_n_impl] [RANK 0] 6787 : iter_speed 9.48 seconds per iteration | Loss: 1.2693
[09-16 16:27:25|INFO|cosmos_framework/callbacks/iter_speed.py:75:every_n_impl] [RANK 0] 6788 : iter_speed 9.48 seconds per iteration | Loss: 1.2100
[09-16 16:27:34|INFO|cosmos_framework/callbacks/iter_speed.py:75:every_n_impl] [RANK 0] 6789 : iter_speed 9.48 seconds per iteration | Loss: 1.0755
[09-16 16:27:44|INFO|cosmos_framework/callbacks/iter_speed.py:75:every_n_impl] [RANK 0] 6790 : iter_speed 9.48 seconds per iteration | Loss: 1.3023
[09-16 16:27:53|INFO|cosmos_framework/callbacks/grad_clip.py:325:on_before_optimizer_step] [RANK 0] clip_grad_norm/video/global: 0.57812 (iteration 6790)
[09-16 16:27:53|INFO|cosmos_framework/callbacks/grad_clip.py:325:on_before_optimizer_step] [RANK 1] clip_grad_norm/video/global: 0.57812 (iteration 6790)
[09-16 16:27:53|INFO|cosmos_framework/callbacks/iter_speed.py:75:every_n_impl] [RANK 0] 6791 : iter_speed 9.49 seconds per iteration | Loss: 1.3579
[09-16 16:28:03|INFO|cosmos_framework/callbacks/iter_speed.py:75:every_n_impl] [RANK 0] 6792 : iter_speed 9.49 seconds per iteration | Loss: 1.1828
[09-16 16:28:12|INFO|cosmos_framework/callbacks/iter_speed.py:75:every_n_impl] [RANK 0] 6793 : iter_speed 9.48 seconds per iteration | Loss: 1.0749
[09-16 16:28:22|INFO|cosmos_framework/callbacks/iter_speed.py:75:every_n_impl] [RANK 0] 6794 : iter_speed 9.48 seconds per iteration | Loss: 1.1841
[09-16 16:28:31|INFO|cosmos_framework/callbacks/iter_speed.py:75:every_n_impl] [RANK 0] 6795 : iter_speed 9.48 seconds per iteration | Loss: 1.1520
[09-16 16:28:41|INFO|cosmos_framework/callbacks/iter_speed.py:75:every_n_impl] [RANK 0] 6796 : iter_speed 9.48 seconds per iteration | Loss: 1.8220
[09-16 16:28:50|INFO|cosmos_framework/callbacks/iter_speed.py:75:every_n_impl] [RANK 0] 6797 : iter_speed 9.47 seconds per iteration | Loss: 1.3189
[09-16 16:29:00|INFO|cosmos_framework/callbacks/iter_speed.py:75:every_n_impl] [RANK 0] 6798 : iter_speed 9.48 seconds per iteration | Loss: 1.4619
[09-16 16:29:09|INFO|cosmos_framework/callbacks/iter_speed.py:75:every_n_impl] [RANK 0] 6799 : iter_speed 9.48 seconds per iteration | Loss: 1.2010
[09-16 16:29:18|INFO|cosmos_framework/callbacks/iter_speed.py:75:every_n_impl] [RANK 0] 6800 : iter_speed 9.48 seconds per iteration | Loss: 1.4817
[09-16 16:29:19|INFO|cosmos_framework/callbacks/device_monitor.py:174:every_n_impl] DeviceMonitor Stats:
                                    Avg            Max            Min
cpu_mem_gb                    29.985781      30.644516      29.327045
peak_gpu_mem_gb               24.093014      24.093529      24.092498
peak_gpu_mem_reserved_gb      26.296875      26.326172      26.267578
nvml_used_gpu_mem_gb          28.212219      28.241516      28.182922
nvml_free_gpu_mem_gb          67.380554      67.409851      67.351257
temp                          76.000000      78.000000      74.000000
power                     576024.000000  577569.000000  574479.000000
util                         100.000000     100.000000     100.000000
clock                       2403.500000    2407.000000    2400.000000
/home/<brev-user>/cosmos-framework/.venv/lib/python3.13/site-packages/torch/distributed/c10d_logger.py:83: UserWarning: barrier(): using the device under current context. You can specify `device_id` in `init_process_group` to mute this warning.
  return func(*args, **kwargs)
[09-16 16:29:28|INFO|cosmos_framework/callbacks/grad_clip.py:325:on_before_optimizer_step] [RANK 0] clip_grad_norm/video/global: 0.61719 (iteration 6800)
[09-16 16:29:28|INFO|cosmos_framework/callbacks/grad_clip.py:325:on_before_optimizer_step] [RANK 1] clip_grad_norm/video/global: 0.61719 (iteration 6800)
[09-16 16:29:28|INFO|cosmos_framework/callbacks/iter_speed.py:75:every_n_impl] [RANK 0] 6801 : iter_speed 9.49 seconds per iteration | Loss: 1.1165
[09-16 16:29:37|INFO|cosmos_framework/callbacks/iter_speed.py:75:every_n_impl] [RANK 0] 6802 : iter_speed 9.48 seconds per iteration | Loss: 1.0360
[09-16 16:29:47|INFO|cosmos_framework/callbacks/iter_speed.py:75:every_n_impl] [RANK 0] 6803 : iter_speed 9.46 seconds per iteration | Loss: 1.0696
[09-16 16:29:56|INFO|cosmos_framework/callbacks/iter_speed.py:75:every_n_impl] [RANK 0] 6804 : iter_speed 9.49 seconds per iteration | Loss: 1.3222
[09-16 16:30:06|INFO|cosmos_framework/callbacks/iter_speed.py:75:every_n_impl] [RANK 0] 6805 : iter_speed 9.49 seconds per iteration | Loss: 1.2190
[09-16 16:30:15|INFO|cosmos_framework/callbacks/iter_speed.py:75:every_n_impl] [RANK 0] 6806 : iter_speed 9.47 seconds per iteration | Loss: 1.1492
[09-16 16:30:25|INFO|cosmos_framework/callbacks/iter_speed.py:75:every_n_impl] [RANK 0] 6807 : iter_speed 9.48 seconds per iteration | Loss: 1.3427
[09-16 16:30:34|INFO|cosmos_framework/callbacks/iter_speed.py:75:every_n_impl] [RANK 0] 6808 : iter_speed 9.48 seconds per iteration | Loss: 1.2664
[09-16 16:30:44|INFO|cosmos_framework/callbacks/iter_speed.py:75:every_n_impl] [RANK 0] 6809 : iter_speed 9.49 seconds per iteration | Loss: 1.2020
[09-16 16:30:53|INFO|cosmos_framework/callbacks/iter_speed.py:75:every_n_impl] [RANK 0] 6810 : iter_speed 9.48 seconds per iteration | Loss: 1.5610
[09-16 16:31:03|INFO|cosmos_framework/callbacks/grad_clip.py:325:on_before_optimizer_step] [RANK 1] clip_grad_norm/video/global: 0.56641 (iteration 6810)
[09-16 16:31:03|INFO|cosmos_framework/callbacks/grad_clip.py:325:on_before_optimizer_step] [RANK 0] clip_grad_norm/video/global: 0.56641 (iteration 6810)
[09-16 16:31:03|INFO|cosmos_framework/callbacks/iter_speed.py:75:every_n_impl] [RANK 0] 6811 : iter_speed 9.48 seconds per iteration | Loss: 1.2888
[09-16 16:31:12|INFO|cosmos_framework/callbacks/iter_speed.py:75:every_n_impl] [RANK 0] 6812 : iter_speed 9.48 seconds per iteration | Loss: 1.4327
[09-16 16:31:22|INFO|cosmos_framework/callbacks/iter_speed.py:75:every_n_impl] [RANK 0] 6813 : iter_speed 9.48 seconds per iteration | Loss: 1.3237
[09-16 16:31:31|INFO|cosmos_framework/callbacks/iter_speed.py:75:every_n_impl] [RANK 0] 6814 : iter_speed 9.49 seconds per iteration | Loss: 1.2200
[09-16 16:31:41|INFO|cosmos_framework/callbacks/iter_speed.py:75:every_n_impl] [RANK 0] 6815 : iter_speed 9.48 seconds per iteration | Loss: 1.5724
[09-16 16:31:50|INFO|cosmos_framework/callbacks/iter_speed.py:75:every_n_impl] [RANK 0] 6816 : iter_speed 9.48 seconds per iteration | Loss: 2.2521
[09-16 16:32:00|INFO|cosmos_framework/callbacks/iter_speed.py:75:every_n_impl] [RANK 0] 6817 : iter_speed 9.48 seconds per iteration | Loss: 1.5020
[09-16 16:32:09|INFO|cosmos_framework/callbacks/iter_speed.py:75:every_n_impl] [RANK 0] 6818 : iter_speed 9.48 seconds per iteration | Loss: 1.5984
[09-16 16:32:19|INFO|cosmos_framework/callbacks/iter_speed.py:75:every_n_impl] [RANK 0] 6819 : iter_speed 9.49 seconds per iteration | Loss: 1.3382
[09-16 16:32:28|INFO|cosmos_framework/callbacks/iter_speed.py:75:every_n_impl] [RANK 0] 6820 : iter_speed 9.49 seconds per iteration | Loss: 1.4593
[09-16 16:32:38|INFO|cosmos_framework/callbacks/grad_clip.py:325:on_before_optimizer_step] [RANK 0] clip_grad_norm/video/global: 0.69531 (iteration 6820)
[09-16 16:32:38|INFO|cosmos_framework/callbacks/grad_clip.py:325:on_before_optimizer_step] [RANK 1] clip_grad_norm/video/global: 0.69531 (iteration 6820)
[09-16 16:32:38|INFO|cosmos_framework/callbacks/iter_speed.py:75:every_n_impl] [RANK 0] 6821 : iter_speed 9.49 seconds per iteration | Loss: 2.0958
[09-16 16:32:47|INFO|cosmos_framework/callbacks/iter_speed.py:75:every_n_impl] [RANK 0] 6822 : iter_speed 9.48 seconds per iteration | Loss: 1.2717
[09-16 16:32:57|INFO|cosmos_framework/callbacks/iter_speed.py:75:every_n_impl] [RANK 0] 6823 : iter_speed 9.46 seconds per iteration | Loss: 1.3226
[09-16 16:33:06|INFO|cosmos_framework/callbacks/iter_speed.py:75:every_n_impl] [RANK 0] 6824 : iter_speed 9.48 seconds per iteration | Loss: 1.3769
[09-16 16:33:16|INFO|cosmos_framework/callbacks/iter_speed.py:75:every_n_impl] [RANK 0] 6825 : iter_speed 9.48 seconds per iteration | Loss: 1.1337
[09-16 16:33:25|INFO|cosmos_framework/callbacks/iter_speed.py:75:every_n_impl] [RANK 0] 6826 : iter_speed 9.50 seconds per iteration | Loss: 1.6824
[09-16 16:33:35|INFO|cosmos_framework/callbacks/iter_speed.py:75:every_n_impl] [RANK 0] 6827 : iter_speed 9.48 seconds per iteration | Loss: 1.2174
[09-16 16:33:44|INFO|cosmos_framework/callbacks/iter_speed.py:75:every_n_impl] [RANK 0] 6828 : iter_speed 9.47 seconds per iteration | Loss: 1.3713
[09-16 16:33:53|INFO|cosmos_framework/callbacks/iter_speed.py:75:every_n_impl] [RANK 0] 6829 : iter_speed 9.48 seconds per iteration | Loss: 1.3254
[09-16 16:34:03|INFO|cosmos_framework/callbacks/iter_speed.py:75:every_n_impl] [RANK 0] 6830 : iter_speed 9.47 seconds per iteration | Loss: 1.3146
[09-16 16:34:12|INFO|cosmos_framework/callbacks/grad_clip.py:325:on_before_optimizer_step] [RANK 1] clip_grad_norm/video/global: 0.63281 (iteration 6830)
[09-16 16:34:12|INFO|cosmos_framework/callbacks/grad_clip.py:325:on_before_optimizer_step] [RANK 0] clip_grad_norm/video/global: 0.63281 (iteration 6830)
[09-16 16:34:12|INFO|cosmos_framework/callbacks/iter_speed.py:75:every_n_impl] [RANK 0] 6831 : iter_speed 9.47 seconds per iteration | Loss: 1.6412
[09-16 16:34:22|INFO|cosmos_framework/callbacks/iter_speed.py:75:every_n_impl] [RANK 0] 6832 : iter_speed 9.48 seconds per iteration | Loss: 1.4278
[09-16 16:34:31|INFO|cosmos_framework/callbacks/iter_speed.py:75:every_n_impl] [RANK 0] 6833 : iter_speed 9.47 seconds per iteration | Loss: 1.1790
[09-16 16:34:41|INFO|cosmos_framework/callbacks/iter_speed.py:75:every_n_impl] [RANK 0] 6834 : iter_speed 9.48 seconds per iteration | Loss: 1.5774
[09-16 16:34:50|INFO|cosmos_framework/callbacks/iter_speed.py:75:every_n_impl] [RANK 0] 6835 : iter_speed 9.48 seconds per iteration | Loss: 1.1803
[09-16 16:35:00|INFO|cosmos_framework/callbacks/iter_speed.py:75:every_n_impl] [RANK 0] 6836 : iter_speed 9.49 seconds per iteration | Loss: 1.0469
[09-16 16:35:09|INFO|cosmos_framework/callbacks/iter_speed.py:75:every_n_impl] [RANK 0] 6837 : iter_speed 9.49 seconds per iteration | Loss: 1.1453
[09-16 16:35:19|INFO|cosmos_framework/callbacks/iter_speed.py:75:every_n_impl] [RANK 0] 6838 : iter_speed 9.48 seconds per iteration | Loss: 1.4269
[09-16 16:35:28|INFO|cosmos_framework/callbacks/iter_speed.py:75:every_n_impl] [RANK 0] 6839 : iter_speed 9.49 seconds per iteration | Loss: 1.5625
[09-16 16:35:38|INFO|cosmos_framework/callbacks/iter_speed.py:75:every_n_impl] [RANK 0] 6840 : iter_speed 9.48 seconds per iteration | Loss: 1.6903
[09-16 16:35:47|INFO|cosmos_framework/callbacks/grad_clip.py:325:on_before_optimizer_step] [RANK 0] clip_grad_norm/video/global: 0.61328 (iteration 6840)
[09-16 16:35:47|INFO|cosmos_framework/callbacks/grad_clip.py:325:on_before_optimizer_step] [RANK 1] clip_grad_norm/video/global: 0.61328 (iteration 6840)
[09-16 16:35:47|INFO|cosmos_framework/callbacks/iter_speed.py:75:every_n_impl] [RANK 0] 6841 : iter_speed 9.48 seconds per iteration | Loss: 1.2880
[09-16 16:35:57|INFO|cosmos_framework/callbacks/iter_speed.py:75:every_n_impl] [RANK 0] 6842 : iter_speed 9.48 seconds per iteration | Loss: 1.2773
[09-16 16:36:06|INFO|cosmos_framework/callbacks/iter_speed.py:75:every_n_impl] [RANK 0] 6843 : iter_speed 9.48 seconds per iteration | Loss: 1.1444
[09-16 16:36:16|INFO|cosmos_framework/callbacks/iter_speed.py:75:every_n_impl] [RANK 0] 6844 : iter_speed 9.48 seconds per iteration | Loss: 1.2860
[09-16 16:36:25|INFO|cosmos_framework/callbacks/iter_speed.py:75:every_n_impl] [RANK 0] 6845 : iter_speed 9.48 seconds per iteration | Loss: 1.9908
[09-16 16:36:35|INFO|cosmos_framework/callbacks/iter_speed.py:75:every_n_impl] [RANK 0] 6846 : iter_speed 9.47 seconds per iteration | Loss: 1.6471
[09-16 16:36:44|INFO|cosmos_framework/callbacks/iter_speed.py:75:every_n_impl] [RANK 0] 6847 : iter_speed 9.48 seconds per iteration | Loss: 1.3823
[09-16 16:36:54|INFO|cosmos_framework/callbacks/iter_speed.py:75:every_n_impl] [RANK 0] 6848 : iter_speed 9.47 seconds per iteration | Loss: 1.3468
[09-16 16:37:03|INFO|cosmos_framework/callbacks/iter_speed.py:75:every_n_impl] [RANK 0] 6849 : iter_speed 9.48 seconds per iteration | Loss: 1.2852
[09-16 16:37:13|INFO|cosmos_framework/callbacks/iter_speed.py:75:every_n_impl] [RANK 0] 6850 : iter_speed 9.49 seconds per iteration | Loss: 2.2966
[09-16 16:37:22|INFO|cosmos_framework/callbacks/grad_clip.py:325:on_before_optimizer_step] [RANK 0] clip_grad_norm/video/global: 0.64062 (iteration 6850)
[09-16 16:37:22|INFO|cosmos_framework/callbacks/grad_clip.py:325:on_before_optimizer_step] [RANK 1] clip_grad_norm/video/global: 0.64062 (iteration 6850)
[09-16 16:37:22|INFO|cosmos_framework/callbacks/iter_speed.py:75:every_n_impl] [RANK 0] 6851 : iter_speed 9.50 seconds per iteration | Loss: 1.3989
[09-16 16:37:32|INFO|cosmos_framework/callbacks/iter_speed.py:75:every_n_impl] [RANK 0] 6852 : iter_speed 9.48 seconds per iteration | Loss: 1.2441
[09-16 16:37:41|INFO|cosmos_framework/callbacks/iter_speed.py:75:every_n_impl] [RANK 0] 6853 : iter_speed 9.49 seconds per iteration | Loss: 1.7917
[09-16 16:37:50|INFO|cosmos_framework/callbacks/iter_speed.py:75:every_n_impl] [RANK 0] 6854 : iter_speed 9.48 seconds per iteration | Loss: 1.2519
[09-16 16:38:00|INFO|cosmos_framework/callbacks/iter_speed.py:75:every_n_impl] [RANK 0] 6855 : iter_speed 9.49 seconds per iteration | Loss: 1.4155
[09-16 16:38:09|INFO|cosmos_framework/callbacks/iter_speed.py:75:every_n_impl] [RANK 0] 6856 : iter_speed 9.50 seconds per iteration | Loss: 1.2944
[09-16 16:38:19|INFO|cosmos_framework/callbacks/iter_speed.py:75:every_n_impl] [RANK 0] 6857 : iter_speed 9.50 seconds per iteration | Loss: 1.3266
[09-16 16:38:28|INFO|cosmos_framework/callbacks/iter_speed.py:75:every_n_impl] [RANK 0] 6858 : iter_speed 9.48 seconds per iteration | Loss: 1.3370
[09-16 16:38:38|INFO|cosmos_framework/callbacks/iter_speed.py:75:every_n_impl] [RANK 0] 6859 : iter_speed 9.48 seconds per iteration | Loss: 1.9889
[09-16 16:38:47|INFO|cosmos_framework/callbacks/iter_speed.py:75:every_n_impl] [RANK 0] 6860 : iter_speed 9.48 seconds per iteration | Loss: 1.3507
[09-16 16:38:57|INFO|cosmos_framework/callbacks/grad_clip.py:325:on_before_optimizer_step] [RANK 0] clip_grad_norm/video/global: 0.68750 (iteration 6860)
[09-16 16:38:57|INFO|cosmos_framework/callbacks/grad_clip.py:325:on_before_optimizer_step] [RANK 1] clip_grad_norm/video/global: 0.68750 (iteration 6860)
[09-16 16:38:57|INFO|cosmos_framework/callbacks/iter_speed.py:75:every_n_impl] [RANK 0] 6861 : iter_speed 9.48 seconds per iteration | Loss: 1.0869
[09-16 16:39:06|INFO|cosmos_framework/callbacks/iter_speed.py:75:every_n_impl] [RANK 0] 6862 : iter_speed 9.49 seconds per iteration | Loss: 1.1035
[09-16 16:39:16|INFO|cosmos_framework/callbacks/iter_speed.py:75:every_n_impl] [RANK 0] 6863 : iter_speed 9.48 seconds per iteration | Loss: 1.0711
[09-16 16:39:25|INFO|cosmos_framework/callbacks/iter_speed.py:75:every_n_impl] [RANK 0] 6864 : iter_speed 9.47 seconds per iteration | Loss: 1.5496
[09-16 16:39:35|INFO|cosmos_framework/callbacks/iter_speed.py:75:every_n_impl] [RANK 0] 6865 : iter_speed 9.48 seconds per iteration | Loss: 1.2960
[09-16 16:39:44|INFO|cosmos_framework/callbacks/iter_speed.py:75:every_n_impl] [RANK 0] 6866 : iter_speed 9.48 seconds per iteration | Loss: 1.3494
[09-16 16:39:54|INFO|cosmos_framework/callbacks/iter_speed.py:75:every_n_impl] [RANK 0] 6867 : iter_speed 9.49 seconds per iteration | Loss: 1.3933
[09-16 16:40:03|INFO|cosmos_framework/callbacks/iter_speed.py:75:every_n_impl] [RANK 0] 6868 : iter_speed 9.47 seconds per iteration | Loss: 1.1137
[09-16 16:40:13|INFO|cosmos_framework/callbacks/iter_speed.py:75:every_n_impl] [RANK 0] 6869 : iter_speed 9.47 seconds per iteration | Loss: 1.3765
[09-16 16:40:22|INFO|cosmos_framework/callbacks/iter_speed.py:75:every_n_impl] [RANK 0] 6870 : iter_speed 9.48 seconds per iteration | Loss: 1.3337
[09-16 16:40:32|INFO|cosmos_framework/callbacks/grad_clip.py:325:on_before_optimizer_step] [RANK 0] clip_grad_norm/video/global: 0.40625 (iteration 6870)
[09-16 16:40:32|INFO|cosmos_framework/callbacks/grad_clip.py:325:on_before_optimizer_step] [RANK 1] clip_grad_norm/video/global: 0.40625 (iteration 6870)
[09-16 16:40:32|INFO|cosmos_framework/callbacks/iter_speed.py:75:every_n_impl] [RANK 0] 6871 : iter_speed 9.49 seconds per iteration | Loss: 1.0878
[09-16 16:40:41|INFO|cosmos_framework/callbacks/iter_speed.py:75:every_n_impl] [RANK 0] 6872 : iter_speed 9.48 seconds per iteration | Loss: 1.7089
[09-16 16:40:51|INFO|cosmos_framework/callbacks/iter_speed.py:75:every_n_impl] [RANK 0] 6873 : iter_speed 9.50 seconds per iteration | Loss: 1.1256
[09-16 16:41:00|INFO|cosmos_framework/callbacks/iter_speed.py:75:every_n_impl] [RANK 0] 6874 : iter_speed 9.49 seconds per iteration | Loss: 1.0834
[09-16 16:41:10|INFO|cosmos_framework/callbacks/iter_speed.py:75:every_n_impl] [RANK 0] 6875 : iter_speed 9.50 seconds per iteration | Loss: 1.2946
[09-16 16:41:19|INFO|cosmos_framework/callbacks/iter_speed.py:75:every_n_impl] [RANK 0] 6876 : iter_speed 9.50 seconds per iteration | Loss: 1.0844
[09-16 16:41:29|INFO|cosmos_framework/callbacks/iter_speed.py:75:every_n_impl] [RANK 0] 6877 : iter_speed 9.49 seconds per iteration | Loss: 1.6080
[09-16 16:41:38|INFO|cosmos_framework/callbacks/iter_speed.py:75:every_n_impl] [RANK 0] 6878 : iter_speed 9.49 seconds per iteration | Loss: 1.3220
[09-16 16:41:48|INFO|cosmos_framework/callbacks/iter_speed.py:75:every_n_impl] [RANK 0] 6879 : iter_speed 9.49 seconds per iteration | Loss: 1.2212
[09-16 16:41:57|INFO|cosmos_framework/callbacks/iter_speed.py:75:every_n_impl] [RANK 0] 6880 : iter_speed 9.50 seconds per iteration | Loss: 1.0356
[09-16 16:42:07|INFO|cosmos_framework/callbacks/grad_clip.py:325:on_before_optimizer_step] [RANK 0] clip_grad_norm/video/global: 0.45312 (iteration 6880)
[09-16 16:42:07|INFO|cosmos_framework/callbacks/grad_clip.py:325:on_before_optimizer_step] [RANK 1] clip_grad_norm/video/global: 0.45312 (iteration 6880)
[09-16 16:42:07|INFO|cosmos_framework/callbacks/iter_speed.py:75:every_n_impl] [RANK 0] 6881 : iter_speed 9.49 seconds per iteration | Loss: 1.2795
[09-16 16:42:16|INFO|cosmos_framework/callbacks/iter_speed.py:75:every_n_impl] [RANK 0] 6882 : iter_speed 9.49 seconds per iteration | Loss: 1.3827
[09-16 16:42:26|INFO|cosmos_framework/callbacks/iter_speed.py:75:every_n_impl] [RANK 0] 6883 : iter_speed 9.49 seconds per iteration | Loss: 0.9753
[09-16 16:42:35|INFO|cosmos_framework/callbacks/iter_speed.py:75:every_n_impl] [RANK 0] 6884 : iter_speed 9.49 seconds per iteration | Loss: 1.7410
[09-16 16:42:45|INFO|cosmos_framework/callbacks/iter_speed.py:75:every_n_impl] [RANK 0] 6885 : iter_speed 9.50 seconds per iteration | Loss: 1.6000
[09-16 16:42:54|INFO|cosmos_framework/callbacks/iter_speed.py:75:every_n_impl] [RANK 0] 6886 : iter_speed 9.48 seconds per iteration | Loss: 1.0860
[09-16 16:43:04|INFO|cosmos_framework/callbacks/iter_speed.py:75:every_n_impl] [RANK 0] 6887 : iter_speed 9.48 seconds per iteration | Loss: 1.1126
[09-16 16:43:13|INFO|cosmos_framework/callbacks/iter_speed.py:75:every_n_impl] [RANK 0] 6888 : iter_speed 9.48 seconds per iteration | Loss: 1.2075
[09-16 16:43:23|INFO|cosmos_framework/callbacks/iter_speed.py:75:every_n_impl] [RANK 0] 6889 : iter_speed 9.49 seconds per iteration | Loss: 1.2455
[09-16 16:43:32|INFO|cosmos_framework/callbacks/iter_speed.py:75:every_n_impl] [RANK 0] 6890 : iter_speed 9.48 seconds per iteration | Loss: 1.2873
[09-16 16:43:41|INFO|cosmos_framework/callbacks/grad_clip.py:325:on_before_optimizer_step] [RANK 0] clip_grad_norm/video/global: 0.53516 (iteration 6890)
[09-16 16:43:41|INFO|cosmos_framework/callbacks/grad_clip.py:325:on_before_optimizer_step] [RANK 1] clip_grad_norm/video/global: 0.53516 (iteration 6890)
[09-16 16:43:42|INFO|cosmos_framework/callbacks/iter_speed.py:75:every_n_impl] [RANK 0] 6891 : iter_speed 9.48 seconds per iteration | Loss: 1.1803
[09-16 16:43:51|INFO|cosmos_framework/callbacks/iter_speed.py:75:every_n_impl] [RANK 0] 6892 : iter_speed 9.48 seconds per iteration | Loss: 1.0856
[09-16 16:44:00|INFO|cosmos_framework/callbacks/iter_speed.py:75:every_n_impl] [RANK 0] 6893 : iter_speed 9.48 seconds per iteration | Loss: 1.2984
[09-16 16:44:10|INFO|cosmos_framework/callbacks/iter_speed.py:75:every_n_impl] [RANK 0] 6894 : iter_speed 9.48 seconds per iteration | Loss: 1.1858
[09-16 16:44:19|INFO|cosmos_framework/callbacks/iter_speed.py:75:every_n_impl] [RANK 0] 6895 : iter_speed 9.49 seconds per iteration | Loss: 1.1216
[09-16 16:44:29|INFO|cosmos_framework/callbacks/iter_speed.py:75:every_n_impl] [RANK 0] 6896 : iter_speed 9.48 seconds per iteration | Loss: 1.3757
[09-16 16:44:38|INFO|cosmos_framework/callbacks/iter_speed.py:75:every_n_impl] [RANK 0] 6897 : iter_speed 9.48 seconds per iteration | Loss: 1.0726
[09-16 16:44:48|INFO|cosmos_framework/callbacks/iter_speed.py:75:every_n_impl] [RANK 0] 6898 : iter_speed 9.48 seconds per iteration | Loss: 1.1273
[09-16 16:44:57|INFO|cosmos_framework/callbacks/iter_speed.py:75:every_n_impl] [RANK 0] 6899 : iter_speed 9.47 seconds per iteration | Loss: 0.9392
[09-16 16:45:07|INFO|cosmos_framework/callbacks/iter_speed.py:75:every_n_impl] [RANK 0] 6900 : iter_speed 9.48 seconds per iteration | Loss: 1.0116
[09-16 16:45:16|INFO|cosmos_framework/callbacks/grad_clip.py:325:on_before_optimizer_step] [RANK 0] clip_grad_norm/video/global: 0.66016 (iteration 6900)
[09-16 16:45:16|INFO|cosmos_framework/callbacks/grad_clip.py:325:on_before_optimizer_step] [RANK 1] clip_grad_norm/video/global: 0.66016 (iteration 6900)
[09-16 16:45:16|INFO|cosmos_framework/callbacks/iter_speed.py:75:every_n_impl] [RANK 0] 6901 : iter_speed 9.49 seconds per iteration | Loss: 1.5055
[09-16 16:45:26|INFO|cosmos_framework/callbacks/iter_speed.py:75:every_n_impl] [RANK 0] 6902 : iter_speed 9.49 seconds per iteration | Loss: 1.1609
[09-16 16:45:35|INFO|cosmos_framework/callbacks/iter_speed.py:75:every_n_impl] [RANK 0] 6903 : iter_speed 9.49 seconds per iteration | Loss: 1.1197
[09-16 16:45:45|INFO|cosmos_framework/callbacks/iter_speed.py:75:every_n_impl] [RANK 0] 6904 : iter_speed 9.48 seconds per iteration | Loss: 1.1669
[09-16 16:45:54|INFO|cosmos_framework/callbacks/iter_speed.py:75:every_n_impl] [RANK 0] 6905 : iter_speed 9.48 seconds per iteration | Loss: 1.6144
[09-16 16:46:04|INFO|cosmos_framework/callbacks/iter_speed.py:75:every_n_impl] [RANK 0] 6906 : iter_speed 9.49 seconds per iteration | Loss: 0.9596
[09-16 16:46:13|INFO|cosmos_framework/callbacks/iter_speed.py:75:every_n_impl] [RANK 0] 6907 : iter_speed 9.48 seconds per iteration | Loss: 1.0077
[09-16 16:46:23|INFO|cosmos_framework/callbacks/iter_speed.py:75:every_n_impl] [RANK 0] 6908 : iter_speed 9.48 seconds per iteration | Loss: 1.3021
[09-16 16:46:32|INFO|cosmos_framework/callbacks/iter_speed.py:75:every_n_impl] [RANK 0] 6909 : iter_speed 9.48 seconds per iteration | Loss: 0.9736
[09-16 16:46:42|INFO|cosmos_framework/callbacks/iter_speed.py:75:every_n_impl] [RANK 0] 6910 : iter_speed 9.48 seconds per iteration | Loss: 1.2856
[09-16 16:46:51|INFO|cosmos_framework/callbacks/grad_clip.py:325:on_before_optimizer_step] [RANK 1] clip_grad_norm/video/global: 0.57422 (iteration 6910)
[09-16 16:46:51|INFO|cosmos_framework/callbacks/grad_clip.py:325:on_before_optimizer_step] [RANK 0] clip_grad_norm/video/global: 0.57422 (iteration 6910)
[09-16 16:46:51|INFO|cosmos_framework/callbacks/iter_speed.py:75:every_n_impl] [RANK 0] 6911 : iter_speed 9.48 seconds per iteration | Loss: 0.9742
[09-16 16:47:01|INFO|cosmos_framework/callbacks/iter_speed.py:75:every_n_impl] [RANK 0] 6912 : iter_speed 9.47 seconds per iteration | Loss: 1.0101
[09-16 16:47:10|INFO|cosmos_framework/callbacks/iter_speed.py:75:every_n_impl] [RANK 0] 6913 : iter_speed 9.48 seconds per iteration | Loss: 1.5367
[09-16 16:47:20|INFO|cosmos_framework/callbacks/iter_speed.py:75:every_n_impl] [RANK 0] 6914 : iter_speed 9.47 seconds per iteration | Loss: 0.9738
[09-16 16:47:29|INFO|cosmos_framework/callbacks/iter_speed.py:75:every_n_impl] [RANK 0] 6915 : iter_speed 9.49 seconds per iteration | Loss: 1.1365
[09-16 16:47:39|INFO|cosmos_framework/callbacks/iter_speed.py:75:every_n_impl] [RANK 0] 6916 : iter_speed 9.49 seconds per iteration | Loss: 0.9003
[09-16 16:47:48|INFO|cosmos_framework/callbacks/iter_speed.py:75:every_n_impl] [RANK 0] 6917 : iter_speed 9.47 seconds per iteration | Loss: 1.0605
[09-16 16:47:58|INFO|cosmos_framework/callbacks/iter_speed.py:75:every_n_impl] [RANK 0] 6918 : iter_speed 9.48 seconds per iteration | Loss: 1.0345
[09-16 16:48:07|INFO|cosmos_framework/callbacks/iter_speed.py:75:every_n_impl] [RANK 0] 6919 : iter_speed 9.48 seconds per iteration | Loss: 0.9933
[09-16 16:48:16|INFO|cosmos_framework/callbacks/iter_speed.py:75:every_n_impl] [RANK 0] 6920 : iter_speed 9.48 seconds per iteration | Loss: 0.9926
[09-16 16:48:26|INFO|cosmos_framework/callbacks/grad_clip.py:325:on_before_optimizer_step] [RANK 1] clip_grad_norm/video/global: 0.53906 (iteration 6920)
[09-16 16:48:26|INFO|cosmos_framework/callbacks/grad_clip.py:325:on_before_optimizer_step] [RANK 0] clip_grad_norm/video/global: 0.53906 (iteration 6920)
[09-16 16:48:26|INFO|cosmos_framework/callbacks/iter_speed.py:75:every_n_impl] [RANK 0] 6921 : iter_speed 9.50 seconds per iteration | Loss: 1.0616
[09-16 16:48:35|INFO|cosmos_framework/callbacks/iter_speed.py:75:every_n_impl] [RANK 0] 6922 : iter_speed 9.49 seconds per iteration | Loss: 1.2028
[09-16 16:48:45|INFO|cosmos_framework/callbacks/iter_speed.py:75:every_n_impl] [RANK 0] 6923 : iter_speed 9.48 seconds per iteration | Loss: 1.0844
[09-16 16:48:54|INFO|cosmos_framework/callbacks/iter_speed.py:75:every_n_impl] [RANK 0] 6924 : iter_speed 9.49 seconds per iteration | Loss: 1.2884
[09-16 16:49:04|INFO|cosmos_framework/callbacks/iter_speed.py:75:every_n_impl] [RANK 0] 6925 : iter_speed 9.50 seconds per iteration | Loss: 1.0692
[09-16 16:49:13|INFO|cosmos_framework/callbacks/iter_speed.py:75:every_n_impl] [RANK 0] 6926 : iter_speed 9.48 seconds per iteration | Loss: 0.9619
[09-16 16:49:23|INFO|cosmos_framework/callbacks/iter_speed.py:75:every_n_impl] [RANK 0] 6927 : iter_speed 9.49 seconds per iteration | Loss: 1.0563
[09-16 16:49:32|INFO|cosmos_framework/callbacks/iter_speed.py:75:every_n_impl] [RANK 0] 6928 : iter_speed 9.48 seconds per iteration | Loss: 1.3343
[09-16 16:49:42|INFO|cosmos_framework/callbacks/iter_speed.py:75:every_n_impl] [RANK 0] 6929 : iter_speed 9.48 seconds per iteration | Loss: 1.5291
[09-16 16:49:51|INFO|cosmos_framework/callbacks/iter_speed.py:75:every_n_impl] [RANK 0] 6930 : iter_speed 9.47 seconds per iteration | Loss: 1.2227
[09-16 16:50:01|INFO|cosmos_framework/callbacks/grad_clip.py:325:on_before_optimizer_step] [RANK 1] clip_grad_norm/video/global: 0.41602 (iteration 6930)
[09-16 16:50:01|INFO|cosmos_framework/callbacks/grad_clip.py:325:on_before_optimizer_step] [RANK 0] clip_grad_norm/video/global: 0.41602 (iteration 6930)
[09-16 16:50:01|INFO|cosmos_framework/callbacks/iter_speed.py:75:every_n_impl] [RANK 0] 6931 : iter_speed 9.49 seconds per iteration | Loss: 1.0027
[09-16 16:50:10|INFO|cosmos_framework/callbacks/iter_speed.py:75:every_n_impl] [RANK 0] 6932 : iter_speed 9.49 seconds per iteration | Loss: 1.2061
[09-16 16:50:20|INFO|cosmos_framework/callbacks/iter_speed.py:75:every_n_impl] [RANK 0] 6933 : iter_speed 9.49 seconds per iteration | Loss: 1.3496
[09-16 16:50:29|INFO|cosmos_framework/callbacks/iter_speed.py:75:every_n_impl] [RANK 0] 6934 : iter_speed 9.49 seconds per iteration | Loss: 1.7695
[09-16 16:50:39|INFO|cosmos_framework/callbacks/iter_speed.py:75:every_n_impl] [RANK 0] 6935 : iter_speed 9.49 seconds per iteration | Loss: 1.1923
[09-16 16:50:48|INFO|cosmos_framework/callbacks/iter_speed.py:75:every_n_impl] [RANK 0] 6936 : iter_speed 9.49 seconds per iteration | Loss: 1.7799
[09-16 16:50:58|INFO|cosmos_framework/callbacks/iter_speed.py:75:every_n_impl] [RANK 0] 6937 : iter_speed 9.48 seconds per iteration | Loss: 1.0854
[09-16 16:51:07|INFO|cosmos_framework/callbacks/iter_speed.py:75:every_n_impl] [RANK 0] 6938 : iter_speed 9.48 seconds per iteration | Loss: 1.4267
[09-16 16:51:17|INFO|cosmos_framework/callbacks/iter_speed.py:75:every_n_impl] [RANK 0] 6939 : iter_speed 9.49 seconds per iteration | Loss: 1.2251
[09-16 16:51:26|INFO|cosmos_framework/callbacks/iter_speed.py:75:every_n_impl] [RANK 0] 6940 : iter_speed 9.48 seconds per iteration | Loss: 2.3740
[09-16 16:51:36|INFO|cosmos_framework/callbacks/grad_clip.py:325:on_before_optimizer_step] [RANK 1] clip_grad_norm/video/global: 0.64844 (iteration 6940)
[09-16 16:51:36|INFO|cosmos_framework/callbacks/grad_clip.py:325:on_before_optimizer_step] [RANK 0] clip_grad_norm/video/global: 0.64844 (iteration 6940)
[09-16 16:51:36|INFO|cosmos_framework/callbacks/iter_speed.py:75:every_n_impl] [RANK 0] 6941 : iter_speed 9.48 seconds per iteration | Loss: 1.2002
[09-16 16:51:45|INFO|cosmos_framework/callbacks/iter_speed.py:75:every_n_impl] [RANK 0] 6942 : iter_speed 9.49 seconds per iteration | Loss: 1.0429
[09-16 16:51:55|INFO|cosmos_framework/callbacks/iter_speed.py:75:every_n_impl] [RANK 0] 6943 : iter_speed 9.49 seconds per iteration | Loss: 1.4872
[09-16 16:52:04|INFO|cosmos_framework/callbacks/iter_speed.py:75:every_n_impl] [RANK 0] 6944 : iter_speed 9.48 seconds per iteration | Loss: 1.5638
[09-16 16:52:14|INFO|cosmos_framework/callbacks/iter_speed.py:75:every_n_impl] [RANK 0] 6945 : iter_speed 9.48 seconds per iteration | Loss: 1.0258
[09-16 16:52:23|INFO|cosmos_framework/callbacks/iter_speed.py:75:every_n_impl] [RANK 0] 6946 : iter_speed 9.48 seconds per iteration | Loss: 1.4176
[09-16 16:52:33|INFO|cosmos_framework/callbacks/iter_speed.py:75:every_n_impl] [RANK 0] 6947 : iter_speed 9.49 seconds per iteration | Loss: 1.3284
[09-16 16:52:42|INFO|cosmos_framework/callbacks/iter_speed.py:75:every_n_impl] [RANK 0] 6948 : iter_speed 9.48 seconds per iteration | Loss: 1.2664
[09-16 16:52:52|INFO|cosmos_framework/callbacks/iter_speed.py:75:every_n_impl] [RANK 0] 6949 : iter_speed 9.49 seconds per iteration | Loss: 1.6582
[09-16 16:53:01|INFO|cosmos_framework/callbacks/iter_speed.py:75:every_n_impl] [RANK 0] 6950 : iter_speed 9.50 seconds per iteration | Loss: 1.0785
[09-16 16:53:11|INFO|cosmos_framework/callbacks/grad_clip.py:325:on_before_optimizer_step] [RANK 1] clip_grad_norm/video/global: 0.52344 (iteration 6950)
[09-16 16:53:11|INFO|cosmos_framework/callbacks/grad_clip.py:325:on_before_optimizer_step] [RANK 0] clip_grad_norm/video/global: 0.52344 (iteration 6950)
[09-16 16:53:11|INFO|cosmos_framework/callbacks/iter_speed.py:75:every_n_impl] [RANK 0] 6951 : iter_speed 9.48 seconds per iteration | Loss: 1.2461
[09-16 16:53:20|INFO|cosmos_framework/callbacks/iter_speed.py:75:every_n_impl] [RANK 0] 6952 : iter_speed 9.49 seconds per iteration | Loss: 1.2926
[09-16 16:53:29|INFO|cosmos_framework/callbacks/iter_speed.py:75:every_n_impl] [RANK 0] 6953 : iter_speed 9.48 seconds per iteration | Loss: 1.1844
[09-16 16:53:39|INFO|cosmos_framework/callbacks/iter_speed.py:75:every_n_impl] [RANK 0] 6954 : iter_speed 9.48 seconds per iteration | Loss: 1.1380
[09-16 16:53:48|INFO|cosmos_framework/callbacks/iter_speed.py:75:every_n_impl] [RANK 0] 6955 : iter_speed 9.48 seconds per iteration | Loss: 1.0645
[09-16 16:53:58|INFO|cosmos_framework/callbacks/iter_speed.py:75:every_n_impl] [RANK 0] 6956 : iter_speed 9.50 seconds per iteration | Loss: 1.1907
[09-16 16:54:07|INFO|cosmos_framework/callbacks/iter_speed.py:75:every_n_impl] [RANK 0] 6957 : iter_speed 9.48 seconds per iteration | Loss: 1.0579
[09-16 16:54:17|INFO|cosmos_framework/callbacks/iter_speed.py:75:every_n_impl] [RANK 0] 6958 : iter_speed 9.49 seconds per iteration | Loss: 1.1225
[09-16 16:54:26|INFO|cosmos_framework/callbacks/iter_speed.py:75:every_n_impl] [RANK 0] 6959 : iter_speed 9.48 seconds per iteration | Loss: 1.4701
[09-16 16:54:36|INFO|cosmos_framework/callbacks/iter_speed.py:75:every_n_impl] [RANK 0] 6960 : iter_speed 9.48 seconds per iteration | Loss: 1.5104
[09-16 16:54:45|INFO|cosmos_framework/callbacks/grad_clip.py:325:on_before_optimizer_step] [RANK 0] clip_grad_norm/video/global: 0.54688 (iteration 6960)
[09-16 16:54:45|INFO|cosmos_framework/callbacks/grad_clip.py:325:on_before_optimizer_step] [RANK 1] clip_grad_norm/video/global: 0.54688 (iteration 6960)
[09-16 16:54:45|INFO|cosmos_framework/callbacks/iter_speed.py:75:every_n_impl] [RANK 0] 6961 : iter_speed 9.49 seconds per iteration | Loss: 1.7162
[09-16 16:54:55|INFO|cosmos_framework/callbacks/iter_speed.py:75:every_n_impl] [RANK 0] 6962 : iter_speed 9.50 seconds per iteration | Loss: 1.2389
[09-16 16:55:04|INFO|cosmos_framework/callbacks/iter_speed.py:75:every_n_impl] [RANK 0] 6963 : iter_speed 9.48 seconds per iteration | Loss: 1.2494
[09-16 16:55:14|INFO|cosmos_framework/callbacks/iter_speed.py:75:every_n_impl] [RANK 0] 6964 : iter_speed 9.49 seconds per iteration | Loss: 1.0487
[09-16 16:55:23|INFO|cosmos_framework/callbacks/iter_speed.py:75:every_n_impl] [RANK 0] 6965 : iter_speed 9.49 seconds per iteration | Loss: 1.1867
[09-16 16:55:33|INFO|cosmos_framework/callbacks/iter_speed.py:75:every_n_impl] [RANK 0] 6966 : iter_speed 9.49 seconds per iteration | Loss: 1.5462
[09-16 16:55:42|INFO|cosmos_framework/callbacks/iter_speed.py:75:every_n_impl] [RANK 0] 6967 : iter_speed 9.48 seconds per iteration | Loss: 1.0479
[09-16 16:55:52|INFO|cosmos_framework/callbacks/iter_speed.py:75:every_n_impl] [RANK 0] 6968 : iter_speed 9.48 seconds per iteration | Loss: 1.1989
[09-16 16:56:01|INFO|cosmos_framework/callbacks/iter_speed.py:75:every_n_impl] [RANK 0] 6969 : iter_speed 9.48 seconds per iteration | Loss: 0.9914
[09-16 16:56:11|INFO|cosmos_framework/callbacks/iter_speed.py:75:every_n_impl] [RANK 0] 6970 : iter_speed 9.48 seconds per iteration | Loss: 1.6293
[09-16 16:56:20|INFO|cosmos_framework/callbacks/grad_clip.py:325:on_before_optimizer_step] [RANK 0] clip_grad_norm/video/global: 0.53125 (iteration 6970)
[09-16 16:56:20|INFO|cosmos_framework/callbacks/grad_clip.py:325:on_before_optimizer_step] [RANK 1] clip_grad_norm/video/global: 0.53125 (iteration 6970)
[09-16 16:56:20|INFO|cosmos_framework/callbacks/iter_speed.py:75:every_n_impl] [RANK 0] 6971 : iter_speed 9.50 seconds per iteration | Loss: 1.2855
[09-16 16:56:30|INFO|cosmos_framework/callbacks/iter_speed.py:75:every_n_impl] [RANK 0] 6972 : iter_speed 9.49 seconds per iteration | Loss: 1.1402
[09-16 16:56:39|INFO|cosmos_framework/callbacks/iter_speed.py:75:every_n_impl] [RANK 0] 6973 : iter_speed 9.48 seconds per iteration | Loss: 1.5730
[09-16 16:56:49|INFO|cosmos_framework/callbacks/iter_speed.py:75:every_n_impl] [RANK 0] 6974 : iter_speed 9.47 seconds per iteration | Loss: 1.1179
[09-16 16:56:58|INFO|cosmos_framework/callbacks/iter_speed.py:75:every_n_impl] [RANK 0] 6975 : iter_speed 9.47 seconds per iteration | Loss: 1.0234
[09-16 16:57:08|INFO|cosmos_framework/callbacks/iter_speed.py:75:every_n_impl] [RANK 0] 6976 : iter_speed 9.48 seconds per iteration | Loss: 0.9998
[09-16 16:57:17|INFO|cosmos_framework/callbacks/iter_speed.py:75:every_n_impl] [RANK 0] 6977 : iter_speed 9.50 seconds per iteration | Loss: 1.1193
[09-16 16:57:27|INFO|cosmos_framework/callbacks/iter_speed.py:75:every_n_impl] [RANK 0] 6978 : iter_speed 9.47 seconds per iteration | Loss: 1.1500
[09-16 16:57:36|INFO|cosmos_framework/callbacks/iter_speed.py:75:every_n_impl] [RANK 0] 6979 : iter_speed 9.49 seconds per iteration | Loss: 1.2919
[09-16 16:57:46|INFO|cosmos_framework/callbacks/iter_speed.py:75:every_n_impl] [RANK 0] 6980 : iter_speed 9.49 seconds per iteration | Loss: 1.2391
[09-16 16:57:55|INFO|cosmos_framework/callbacks/grad_clip.py:325:on_before_optimizer_step] [RANK 1] clip_grad_norm/video/global: 0.56641 (iteration 6980)
[09-16 16:57:55|INFO|cosmos_framework/callbacks/grad_clip.py:325:on_before_optimizer_step] [RANK 0] clip_grad_norm/video/global: 0.56641 (iteration 6980)
[09-16 16:57:55|INFO|cosmos_framework/callbacks/iter_speed.py:75:every_n_impl] [RANK 0] 6981 : iter_speed 9.50 seconds per iteration | Loss: 1.3931
[09-16 16:58:05|INFO|cosmos_framework/callbacks/iter_speed.py:75:every_n_impl] [RANK 0] 6982 : iter_speed 9.49 seconds per iteration | Loss: 1.7265
[09-16 16:58:14|INFO|cosmos_framework/callbacks/iter_speed.py:75:every_n_impl] [RANK 0] 6983 : iter_speed 9.48 seconds per iteration | Loss: 1.0332
[09-16 16:58:24|INFO|cosmos_framework/callbacks/iter_speed.py:75:every_n_impl] [RANK 0] 6984 : iter_speed 9.48 seconds per iteration | Loss: 1.2774
[09-16 16:58:33|INFO|cosmos_framework/callbacks/iter_speed.py:75:every_n_impl] [RANK 0] 6985 : iter_speed 9.47 seconds per iteration | Loss: 1.6008
[09-16 16:58:42|INFO|cosmos_framework/callbacks/iter_speed.py:75:every_n_impl] [RANK 0] 6986 : iter_speed 9.48 seconds per iteration | Loss: 1.5941
[09-16 16:58:52|INFO|cosmos_framework/callbacks/iter_speed.py:75:every_n_impl] [RANK 0] 6987 : iter_speed 9.48 seconds per iteration | Loss: 1.2087
[09-16 16:59:01|INFO|cosmos_framework/callbacks/iter_speed.py:75:every_n_impl] [RANK 0] 6988 : iter_speed 9.48 seconds per iteration | Loss: 1.3859
[09-16 16:59:11|INFO|cosmos_framework/callbacks/iter_speed.py:75:every_n_impl] [RANK 0] 6989 : iter_speed 9.48 seconds per iteration | Loss: 1.1100
[09-16 16:59:20|INFO|cosmos_framework/callbacks/iter_speed.py:75:every_n_impl] [RANK 0] 6990 : iter_speed 9.48 seconds per iteration | Loss: 1.9478
[09-16 16:59:30|INFO|cosmos_framework/callbacks/grad_clip.py:325:on_before_optimizer_step] [RANK 1] clip_grad_norm/video/global: 0.55469 (iteration 6990)
[09-16 16:59:30|INFO|cosmos_framework/callbacks/grad_clip.py:325:on_before_optimizer_step] [RANK 0] clip_grad_norm/video/global: 0.55469 (iteration 6990)
[09-16 16:59:30|INFO|cosmos_framework/callbacks/iter_speed.py:75:every_n_impl] [RANK 0] 6991 : iter_speed 9.49 seconds per iteration | Loss: 1.3312
[09-16 16:59:39|INFO|cosmos_framework/callbacks/iter_speed.py:75:every_n_impl] [RANK 0] 6992 : iter_speed 9.48 seconds per iteration | Loss: 1.2236
[09-16 16:59:49|INFO|cosmos_framework/callbacks/iter_speed.py:75:every_n_impl] [RANK 0] 6993 : iter_speed 9.49 seconds per iteration | Loss: 1.3413
[09-16 16:59:58|INFO|cosmos_framework/callbacks/iter_speed.py:75:every_n_impl] [RANK 0] 6994 : iter_speed 9.49 seconds per iteration | Loss: 1.0921
[09-16 17:00:08|INFO|cosmos_framework/callbacks/iter_speed.py:75:every_n_impl] [RANK 0] 6995 : iter_speed 9.48 seconds per iteration | Loss: 1.2074
[09-16 17:00:17|INFO|cosmos_framework/callbacks/iter_speed.py:75:every_n_impl] [RANK 0] 6996 : iter_speed 9.49 seconds per iteration | Loss: 1.0564
[09-16 17:00:27|INFO|cosmos_framework/callbacks/iter_speed.py:75:every_n_impl] [RANK 0] 6997 : iter_speed 9.47 seconds per iteration | Loss: 1.0604
[09-16 17:00:36|INFO|cosmos_framework/callbacks/iter_speed.py:75:every_n_impl] [RANK 0] 6998 : iter_speed 9.48 seconds per iteration | Loss: 1.0397
[09-16 17:00:46|INFO|cosmos_framework/callbacks/iter_speed.py:75:every_n_impl] [RANK 0] 6999 : iter_speed 9.47 seconds per iteration | Loss: 1.0241
[09-16 17:01:01|INFO|cosmos_framework/checkpoint/dcp.py:1081:save_state_dict_worker] Saving last checkpoint file iter_000007000
[09-16 17:01:01|INFO|cosmos_framework/checkpoint/dcp.py:1084:save_state_dict_worker] Saved checkpoint to /home/<brev-user>/cosmos-framework/outputs/train/cosmos3_action/action_sft_sim/action_policy_so101_edge_focus5_multi_1gpu/checkpoints/iter_000007000
[09-16 17:01:01|INFO|cosmos_framework/checkpoint/dcp.py:1145:save] Checkpoint save completed: Time taken: 5.93 seconds
[09-16 17:01:01|INFO|cosmos_framework/callbacks/iter_speed.py:75:every_n_impl] [RANK 0] 7000 : iter_speed 15.46 seconds per iteration | Loss: 0.9877
[09-16 17:01:01|INFO|cosmos_framework/callbacks/device_monitor.py:174:every_n_impl] DeviceMonitor Stats:
                                   Avg           Max           Min
cpu_mem_gb                   29.905096     30.480518     29.329674
peak_gpu_mem_gb              24.094052     24.094575     24.093530
peak_gpu_mem_reserved_gb     26.296875     26.326172     26.267578
nvml_used_gpu_mem_gb         28.212219     28.241516     28.182922
nvml_free_gpu_mem_gb         67.380554     67.409851     67.351257
temp                         57.000000     57.000000     57.000000
power                     93002.500000  94488.000000  91517.000000
util                          1.500000      2.000000      1.000000
clock                      2422.000000   2422.000000   2422.000000
/home/<brev-user>/cosmos-framework/.venv/lib/python3.13/site-packages/torch/distributed/c10d_logger.py:83: UserWarning: barrier(): using the device under current context. You can specify `device_id` in `init_process_group` to mute this warning.
  return func(*args, **kwargs)
[09-16 17:01:01|SUCCESS|cosmos_framework/trainer/__init__.py:326:train] Done with training.
>>> 17:01:07 Done (exit 0)
